# Blender 4.0.2
# www.blender.org
mtllib bike_wheel.mtl
o Wheel
v 0.334600 0.000000 0.000000
v 0.324497 0.000000 0.031094
v 0.298047 0.000000 0.050311
v 0.265353 0.000000 0.050311
v 0.238903 0.000000 0.031094
v 0.228800 0.000000 0.000000
v 0.238903 -0.000000 -0.031094
v 0.265353 -0.000000 -0.050311
v 0.298047 -0.000000 -0.050311
v 0.324497 -0.000000 -0.031094
v 0.329517 0.058103 -0.000000
v 0.319567 0.056348 0.031094
v 0.293519 0.051755 0.050311
v 0.261322 0.046078 0.050311
v 0.235274 0.041485 0.031094
v 0.225324 0.039731 -0.000000
v 0.235274 0.041485 -0.031094
v 0.261322 0.046078 -0.050311
v 0.293519 0.051755 -0.050311
v 0.319567 0.056348 -0.031094
v 0.314421 0.114440 -0.000000
v 0.304927 0.110984 0.031094
v 0.280073 0.101938 0.050311
v 0.249350 0.090756 0.050311
v 0.224495 0.081710 0.031094
v 0.215002 0.078254 -0.000000
v 0.224495 0.081710 -0.031094
v 0.249350 0.090756 -0.050311
v 0.280073 0.101938 -0.050311
v 0.304927 0.110984 -0.031094
v 0.289772 0.167300 -0.000000
v 0.281023 0.162249 0.031094
v 0.258116 0.149024 0.050311
v 0.229802 0.132677 0.050311
v 0.206896 0.119452 0.031094
v 0.198147 0.114400 -0.000000
v 0.206896 0.119452 -0.031094
v 0.229802 0.132677 -0.050311
v 0.258116 0.149024 -0.050311
v 0.281023 0.162249 -0.031094
v 0.256318 0.215077 -0.000000
v 0.248579 0.208583 0.031094
v 0.228317 0.191581 0.050311
v 0.203272 0.170566 0.050311
v 0.183010 0.153564 0.031094
v 0.175271 0.147070 -0.000000
v 0.183010 0.153564 -0.031094
v 0.203272 0.170566 -0.050311
v 0.228317 0.191581 -0.050311
v 0.248579 0.208583 -0.031094
v 0.215077 0.256318 -0.000000
v 0.208583 0.248579 0.031094
v 0.191581 0.228317 0.050311
v 0.170566 0.203272 0.050311
v 0.153564 0.183010 0.031094
v 0.147070 0.175271 -0.000000
v 0.153564 0.183010 -0.031094
v 0.170566 0.203272 -0.050311
v 0.191581 0.228317 -0.050311
v 0.208583 0.248579 -0.031094
v 0.167300 0.289772 -0.000000
v 0.162248 0.281023 0.031094
v 0.149023 0.258116 0.050311
v 0.132676 0.229802 0.050311
v 0.119451 0.206896 0.031094
v 0.114400 0.198147 -0.000000
v 0.119451 0.206896 -0.031094
v 0.132676 0.229802 -0.050311
v 0.149023 0.258116 -0.050311
v 0.162248 0.281023 -0.031094
v 0.114440 0.314421 -0.000000
v 0.110985 0.304927 0.031094
v 0.101938 0.280073 0.050311
v 0.090756 0.249350 0.050311
v 0.081710 0.224495 0.031094
v 0.078254 0.215002 -0.000000
v 0.081710 0.224495 -0.031094
v 0.090756 0.249350 -0.050311
v 0.101938 0.280073 -0.050311
v 0.110985 0.304927 -0.031094
v 0.058103 0.329517 -0.000000
v 0.056348 0.319567 0.031094
v 0.051755 0.293519 0.050311
v 0.046078 0.261322 0.050311
v 0.041485 0.235274 0.031094
v 0.039731 0.225324 -0.000000
v 0.041485 0.235274 -0.031094
v 0.046078 0.261322 -0.050311
v 0.051755 0.293519 -0.050311
v 0.056348 0.319567 -0.031094
v 0.000000 0.334600 -0.000000
v 0.000000 0.324497 0.031094
v 0.000000 0.298047 0.050311
v 0.000000 0.265353 0.050311
v 0.000000 0.238903 0.031094
v 0.000000 0.228800 -0.000000
v 0.000000 0.238903 -0.031094
v 0.000000 0.265353 -0.050311
v 0.000000 0.298047 -0.050311
v 0.000000 0.324497 -0.031094
v -0.058103 0.329517 -0.000000
v -0.056348 0.319567 0.031094
v -0.051755 0.293519 0.050311
v -0.046078 0.261322 0.050311
v -0.041485 0.235274 0.031094
v -0.039731 0.225324 -0.000000
v -0.041485 0.235274 -0.031094
v -0.046078 0.261322 -0.050311
v -0.051755 0.293519 -0.050311
v -0.056348 0.319567 -0.031094
v -0.114440 0.314421 -0.000000
v -0.110984 0.304927 0.031094
v -0.101938 0.280073 0.050311
v -0.090756 0.249350 0.050311
v -0.081710 0.224495 0.031094
v -0.078254 0.215002 -0.000000
v -0.081710 0.224495 -0.031094
v -0.090756 0.249350 -0.050311
v -0.101938 0.280073 -0.050311
v -0.110984 0.304927 -0.031094
v -0.167300 0.289772 -0.000000
v -0.162248 0.281023 0.031094
v -0.149023 0.258116 0.050311
v -0.132676 0.229802 0.050311
v -0.119451 0.206896 0.031094
v -0.114400 0.198147 -0.000000
v -0.119451 0.206896 -0.031094
v -0.132676 0.229802 -0.050311
v -0.149023 0.258116 -0.050311
v -0.162248 0.281023 -0.031094
v -0.215077 0.256318 -0.000000
v -0.208583 0.248579 0.031094
v -0.191581 0.228317 0.050311
v -0.170566 0.203272 0.050311
v -0.153564 0.183010 0.031094
v -0.147070 0.175271 -0.000000
v -0.153564 0.183010 -0.031094
v -0.170566 0.203272 -0.050311
v -0.191581 0.228317 -0.050311
v -0.208583 0.248579 -0.031094
v -0.256318 0.215077 -0.000000
v -0.248579 0.208583 0.031094
v -0.228317 0.191581 0.050311
v -0.203272 0.170566 0.050311
v -0.183010 0.153564 0.031094
v -0.175271 0.147070 -0.000000
v -0.183010 0.153564 -0.031094
v -0.203272 0.170566 -0.050311
v -0.228317 0.191581 -0.050311
v -0.248579 0.208583 -0.031094
v -0.289772 0.167300 -0.000000
v -0.281023 0.162249 0.031094
v -0.258116 0.149024 0.050311
v -0.229802 0.132677 0.050311
v -0.206896 0.119452 0.031094
v -0.198147 0.114400 -0.000000
v -0.206896 0.119452 -0.031094
v -0.229802 0.132677 -0.050311
v -0.258116 0.149024 -0.050311
v -0.281023 0.162249 -0.031094
v -0.314421 0.114440 -0.000000
v -0.304927 0.110985 0.031094
v -0.280073 0.101938 0.050311
v -0.249350 0.090756 0.050311
v -0.224495 0.081710 0.031094
v -0.215002 0.078254 -0.000000
v -0.224495 0.081710 -0.031094
v -0.249350 0.090756 -0.050311
v -0.280073 0.101938 -0.050311
v -0.304927 0.110985 -0.031094
v -0.329517 0.058103 -0.000000
v -0.319567 0.056348 0.031094
v -0.293519 0.051755 0.050311
v -0.261322 0.046078 0.050311
v -0.235273 0.041485 0.031094
v -0.225324 0.039731 -0.000000
v -0.235273 0.041485 -0.031094
v -0.261322 0.046078 -0.050311
v -0.293519 0.051755 -0.050311
v -0.319567 0.056348 -0.031094
v -0.334600 0.000000 -0.000000
v -0.324497 0.000000 0.031094
v -0.298047 0.000000 0.050311
v -0.265353 0.000000 0.050311
v -0.238903 0.000000 0.031094
v -0.228800 0.000000 -0.000000
v -0.238903 0.000000 -0.031094
v -0.265353 0.000000 -0.050311
v -0.298047 0.000000 -0.050311
v -0.324497 0.000000 -0.031094
v -0.329517 -0.058103 0.000000
v -0.319567 -0.056348 0.031094
v -0.293519 -0.051755 0.050311
v -0.261322 -0.046078 0.050311
v -0.235274 -0.041485 0.031094
v -0.225324 -0.039731 0.000000
v -0.235274 -0.041485 -0.031094
v -0.261322 -0.046078 -0.050311
v -0.293519 -0.051755 -0.050311
v -0.319567 -0.056348 -0.031094
v -0.314421 -0.114440 0.000000
v -0.304927 -0.110984 0.031094
v -0.280073 -0.101938 0.050311
v -0.249350 -0.090756 0.050311
v -0.224495 -0.081710 0.031094
v -0.215002 -0.078254 0.000000
v -0.224495 -0.081710 -0.031094
v -0.249350 -0.090756 -0.050311
v -0.280073 -0.101938 -0.050311
v -0.304927 -0.110984 -0.031094
v -0.289772 -0.167300 0.000000
v -0.281023 -0.162248 0.031094
v -0.258116 -0.149023 0.050311
v -0.229802 -0.132676 0.050311
v -0.206896 -0.119451 0.031094
v -0.198147 -0.114400 0.000000
v -0.206896 -0.119451 -0.031094
v -0.229802 -0.132676 -0.050311
v -0.258116 -0.149023 -0.050311
v -0.281023 -0.162248 -0.031094
v -0.256319 -0.215077 0.000000
v -0.248579 -0.208583 0.031094
v -0.228317 -0.191581 0.050311
v -0.203272 -0.170566 0.050311
v -0.183010 -0.153564 0.031094
v -0.175271 -0.147070 0.000000
v -0.183010 -0.153564 -0.031094
v -0.203272 -0.170566 -0.050311
v -0.228317 -0.191581 -0.050311
v -0.248579 -0.208583 -0.031094
v -0.215077 -0.256318 0.000000
v -0.208583 -0.248579 0.031094
v -0.191581 -0.228317 0.050311
v -0.170566 -0.203272 0.050311
v -0.153564 -0.183010 0.031094
v -0.147070 -0.175271 0.000000
v -0.153564 -0.183010 -0.031094
v -0.170566 -0.203272 -0.050311
v -0.191581 -0.228317 -0.050311
v -0.208583 -0.248579 -0.031094
v -0.167300 -0.289772 0.000000
v -0.162248 -0.281023 0.031094
v -0.149023 -0.258116 0.050311
v -0.132676 -0.229802 0.050311
v -0.119451 -0.206896 0.031094
v -0.114400 -0.198147 0.000000
v -0.119451 -0.206896 -0.031094
v -0.132676 -0.229802 -0.050311
v -0.149023 -0.258116 -0.050311
v -0.162248 -0.281023 -0.031094
v -0.114440 -0.314421 0.000000
v -0.110984 -0.304927 0.031094
v -0.101938 -0.280073 0.050311
v -0.090756 -0.249350 0.050311
v -0.081710 -0.224495 0.031094
v -0.078254 -0.215002 0.000000
v -0.081710 -0.224495 -0.031094
v -0.090756 -0.249350 -0.050311
v -0.101938 -0.280073 -0.050311
v -0.110984 -0.304927 -0.031094
v -0.058103 -0.329517 0.000000
v -0.056348 -0.319567 0.031094
v -0.051755 -0.293519 0.050311
v -0.046078 -0.261322 0.050311
v -0.041485 -0.235274 0.031094
v -0.039731 -0.225324 0.000000
v -0.041485 -0.235274 -0.031094
v -0.046078 -0.261322 -0.050311
v -0.051755 -0.293519 -0.050311
v -0.056348 -0.319567 -0.031094
v 0.000000 -0.334600 0.000000
v 0.000000 -0.324497 0.031094
v 0.000000 -0.298047 0.050311
v 0.000000 -0.265353 0.050311
v 0.000000 -0.238903 0.031094
v 0.000000 -0.228800 0.000000
v 0.000000 -0.238903 -0.031094
v 0.000000 -0.265353 -0.050311
v 0.000000 -0.298047 -0.050311
v 0.000000 -0.324497 -0.031094
v 0.058103 -0.329517 0.000000
v 0.056348 -0.319567 0.031094
v 0.051755 -0.293519 0.050311
v 0.046078 -0.261322 0.050311
v 0.041485 -0.235274 0.031094
v 0.039731 -0.225324 0.000000
v 0.041485 -0.235274 -0.031094
v 0.046078 -0.261322 -0.050311
v 0.051755 -0.293519 -0.050311
v 0.056348 -0.319567 -0.031094
v 0.114440 -0.314421 0.000000
v 0.110985 -0.304927 0.031094
v 0.101938 -0.280073 0.050311
v 0.090756 -0.249350 0.050311
v 0.081710 -0.224495 0.031094
v 0.078254 -0.215002 0.000000
v 0.081710 -0.224495 -0.031094
v 0.090756 -0.249350 -0.050311
v 0.101938 -0.280073 -0.050311
v 0.110985 -0.304927 -0.031094
v 0.167300 -0.289772 0.000000
v 0.162248 -0.281023 0.031094
v 0.149023 -0.258116 0.050311
v 0.132676 -0.229802 0.050311
v 0.119451 -0.206896 0.031094
v 0.114400 -0.198147 0.000000
v 0.119451 -0.206896 -0.031094
v 0.132676 -0.229802 -0.050311
v 0.149023 -0.258116 -0.050311
v 0.162248 -0.281023 -0.031094
v 0.215077 -0.256318 0.000000
v 0.208583 -0.248579 0.031094
v 0.191581 -0.228317 0.050311
v 0.170566 -0.203272 0.050311
v 0.153564 -0.183010 0.031094
v 0.147070 -0.175271 0.000000
v 0.153564 -0.183010 -0.031094
v 0.170566 -0.203272 -0.050311
v 0.191581 -0.228317 -0.050311
v 0.208583 -0.248579 -0.031094
v 0.256318 -0.215077 0.000000
v 0.248579 -0.208583 0.031094
v 0.228317 -0.191581 0.050311
v 0.203272 -0.170566 0.050311
v 0.183010 -0.153564 0.031094
v 0.175271 -0.147070 0.000000
v 0.183010 -0.153564 -0.031094
v 0.203272 -0.170566 -0.050311
v 0.228317 -0.191581 -0.050311
v 0.248579 -0.208583 -0.031094
v 0.289772 -0.167300 0.000000
v 0.281023 -0.162249 0.031094
v 0.258116 -0.149024 0.050311
v 0.229802 -0.132677 0.050311
v 0.206896 -0.119452 0.031094
v 0.198147 -0.114400 0.000000
v 0.206896 -0.119452 -0.031094
v 0.229802 -0.132677 -0.050311
v 0.258116 -0.149024 -0.050311
v 0.281023 -0.162249 -0.031094
v 0.314421 -0.114440 0.000000
v 0.304927 -0.110985 0.031094
v 0.280073 -0.101938 0.050311
v 0.249350 -0.090756 0.050311
v 0.224495 -0.081710 0.031094
v 0.215002 -0.078254 0.000000
v 0.224495 -0.081710 -0.031094
v 0.249350 -0.090756 -0.050311
v 0.280073 -0.101938 -0.050311
v 0.304927 -0.110985 -0.031094
v 0.329517 -0.058103 0.000000
v 0.319567 -0.056348 0.031094
v 0.293519 -0.051755 0.050311
v 0.261322 -0.046078 0.050311
v 0.235274 -0.041485 0.031094
v 0.225324 -0.039731 0.000000
v 0.235274 -0.041485 -0.031094
v 0.261322 -0.046078 -0.050311
v 0.293519 -0.051755 -0.050311
v 0.319567 -0.056348 -0.031094
v 0.305500 -0.006500 0.039900
v 0.305500 0.006500 0.039900
v 0.305500 -0.006500 0.019900
v 0.305500 0.006500 0.019900
v 0.330500 -0.006500 0.039900
v 0.330500 0.006500 0.039900
v 0.330500 -0.006500 0.019900
v 0.330500 0.006500 0.019900
v 0.278066 0.126695 0.039900
v 0.272426 0.138408 0.039900
v 0.278066 0.126695 0.019900
v 0.272426 0.138408 0.019900
v 0.300590 0.137542 0.039900
v 0.294950 0.149255 0.039900
v 0.300590 0.137542 0.019900
v 0.294950 0.149255 0.019900
v 0.195558 0.234797 0.039900
v 0.185394 0.242902 0.039900
v 0.195558 0.234797 0.019900
v 0.185394 0.242902 0.019900
v 0.211145 0.254343 0.039900
v 0.200981 0.262448 0.039900
v 0.211145 0.254343 0.019900
v 0.200981 0.262448 0.019900
v 0.074317 0.296394 0.039900
v 0.061643 0.299287 0.039900
v 0.074317 0.296394 0.019900
v 0.061643 0.299287 0.019900
v 0.079880 0.320767 0.039900
v 0.067206 0.323660 0.039900
v 0.079880 0.320767 0.019900
v 0.067206 0.323660 0.019900
v -0.061643 0.299287 0.039900
v -0.074317 0.296394 0.039900
v -0.061643 0.299287 0.019900
v -0.074317 0.296394 0.019900
v -0.067206 0.323660 0.039900
v -0.079880 0.320767 0.039900
v -0.067206 0.323660 0.019900
v -0.079880 0.320767 0.019900
v -0.185394 0.242902 0.039900
v -0.195558 0.234797 0.039900
v -0.185394 0.242902 0.019900
v -0.195558 0.234797 0.019900
v -0.200981 0.262448 0.039900
v -0.211145 0.254343 0.039900
v -0.200981 0.262448 0.019900
v -0.211145 0.254343 0.019900
v -0.272426 0.138408 0.039900
v -0.278066 0.126695 0.039900
v -0.272426 0.138408 0.019900
v -0.278066 0.126695 0.019900
v -0.294950 0.149255 0.039900
v -0.300590 0.137542 0.039900
v -0.294950 0.149255 0.019900
v -0.300590 0.137542 0.019900
v -0.305500 0.006500 0.039900
v -0.305500 -0.006500 0.039900
v -0.305500 0.006500 0.019900
v -0.305500 -0.006500 0.019900
v -0.330500 0.006500 0.039900
v -0.330500 -0.006500 0.039900
v -0.330500 0.006500 0.019900
v -0.330500 -0.006500 0.019900
v -0.278066 -0.126695 0.039900
v -0.272426 -0.138408 0.039900
v -0.278066 -0.126695 0.019900
v -0.272426 -0.138408 0.019900
v -0.300590 -0.137542 0.039900
v -0.294950 -0.149255 0.039900
v -0.300590 -0.137542 0.019900
v -0.294950 -0.149255 0.019900
v -0.195558 -0.234797 0.039900
v -0.185394 -0.242902 0.039900
v -0.195558 -0.234797 0.019900
v -0.185394 -0.242902 0.019900
v -0.211145 -0.254343 0.039900
v -0.200981 -0.262448 0.039900
v -0.211145 -0.254343 0.019900
v -0.200981 -0.262448 0.019900
v -0.074317 -0.296394 0.039900
v -0.061643 -0.299287 0.039900
v -0.074317 -0.296394 0.019900
v -0.061643 -0.299287 0.019900
v -0.079880 -0.320767 0.039900
v -0.067206 -0.323660 0.039900
v -0.079880 -0.320767 0.019900
v -0.067206 -0.323660 0.019900
v 0.061643 -0.299287 0.039900
v 0.074317 -0.296394 0.039900
v 0.061643 -0.299287 0.019900
v 0.074317 -0.296394 0.019900
v 0.067206 -0.323660 0.039900
v 0.079880 -0.320767 0.039900
v 0.067206 -0.323660 0.019900
v 0.079880 -0.320767 0.019900
v 0.185394 -0.242902 0.039900
v 0.195558 -0.234797 0.039900
v 0.185394 -0.242902 0.019900
v 0.195558 -0.234797 0.019900
v 0.200981 -0.262448 0.039900
v 0.211145 -0.254343 0.039900
v 0.200981 -0.262448 0.019900
v 0.211145 -0.254343 0.019900
v 0.272426 -0.138408 0.039900
v 0.278066 -0.126695 0.039900
v 0.272426 -0.138408 0.019900
v 0.278066 -0.126695 0.019900
v 0.294950 -0.149255 0.039900
v 0.300590 -0.137542 0.039900
v 0.294950 -0.149255 0.019900
v 0.300590 -0.137542 0.019900
v 0.299287 0.061643 -0.019900
v 0.296394 0.074317 -0.019900
v 0.299287 0.061643 -0.039900
v 0.296394 0.074317 -0.039900
v 0.323660 0.067206 -0.019900
v 0.320767 0.079880 -0.019900
v 0.323660 0.067206 -0.039900
v 0.320767 0.079880 -0.039900
v 0.242902 0.185394 -0.019900
v 0.234797 0.195558 -0.019900
v 0.242902 0.185394 -0.039900
v 0.234797 0.195558 -0.039900
v 0.262448 0.200981 -0.019900
v 0.254343 0.211145 -0.019900
v 0.262448 0.200981 -0.039900
v 0.254343 0.211145 -0.039900
v 0.138408 0.272426 -0.019900
v 0.126695 0.278066 -0.019900
v 0.138408 0.272426 -0.039900
v 0.126695 0.278066 -0.039900
v 0.149255 0.294950 -0.019900
v 0.137542 0.300590 -0.019900
v 0.149255 0.294950 -0.039900
v 0.137542 0.300590 -0.039900
v 0.006500 0.305500 -0.019900
v -0.006500 0.305500 -0.019900
v 0.006500 0.305500 -0.039900
v -0.006500 0.305500 -0.039900
v 0.006500 0.330500 -0.019900
v -0.006500 0.330500 -0.019900
v 0.006500 0.330500 -0.039900
v -0.006500 0.330500 -0.039900
v -0.126695 0.278066 -0.019900
v -0.138408 0.272426 -0.019900
v -0.126695 0.278066 -0.039900
v -0.138408 0.272426 -0.039900
v -0.137542 0.300590 -0.019900
v -0.149255 0.294950 -0.019900
v -0.137542 0.300590 -0.039900
v -0.149255 0.294950 -0.039900
v -0.234797 0.195558 -0.019900
v -0.242902 0.185394 -0.019900
v -0.234797 0.195558 -0.039900
v -0.242902 0.185394 -0.039900
v -0.254343 0.211145 -0.019900
v -0.262448 0.200981 -0.019900
v -0.254343 0.211145 -0.039900
v -0.262448 0.200981 -0.039900
v -0.296394 0.074317 -0.019900
v -0.299287 0.061643 -0.019900
v -0.296394 0.074317 -0.039900
v -0.299287 0.061643 -0.039900
v -0.320767 0.079880 -0.019900
v -0.323660 0.067206 -0.019900
v -0.320767 0.079880 -0.039900
v -0.323660 0.067206 -0.039900
v -0.299287 -0.061643 -0.019900
v -0.296394 -0.074317 -0.019900
v -0.299287 -0.061643 -0.039900
v -0.296394 -0.074317 -0.039900
v -0.323660 -0.067206 -0.019900
v -0.320767 -0.079880 -0.019900
v -0.323660 -0.067206 -0.039900
v -0.320767 -0.079880 -0.039900
v -0.242902 -0.185394 -0.019900
v -0.234797 -0.195558 -0.019900
v -0.242902 -0.185394 -0.039900
v -0.234797 -0.195558 -0.039900
v -0.262448 -0.200981 -0.019900
v -0.254343 -0.211145 -0.019900
v -0.262448 -0.200981 -0.039900
v -0.254343 -0.211145 -0.039900
v -0.138408 -0.272426 -0.019900
v -0.126695 -0.278066 -0.019900
v -0.138408 -0.272426 -0.039900
v -0.126695 -0.278066 -0.039900
v -0.149255 -0.294950 -0.019900
v -0.137542 -0.300590 -0.019900
v -0.149255 -0.294950 -0.039900
v -0.137542 -0.300590 -0.039900
v -0.006500 -0.305500 -0.019900
v 0.006500 -0.305500 -0.019900
v -0.006500 -0.305500 -0.039900
v 0.006500 -0.305500 -0.039900
v -0.006500 -0.330500 -0.019900
v 0.006500 -0.330500 -0.019900
v -0.006500 -0.330500 -0.039900
v 0.006500 -0.330500 -0.039900
v 0.126695 -0.278066 -0.019900
v 0.138408 -0.272426 -0.019900
v 0.126695 -0.278066 -0.039900
v 0.138408 -0.272426 -0.039900
v 0.137542 -0.300590 -0.019900
v 0.149255 -0.294950 -0.019900
v 0.137542 -0.300590 -0.039900
v 0.149255 -0.294950 -0.039900
v 0.234797 -0.195558 -0.019900
v 0.242902 -0.185394 -0.019900
v 0.234797 -0.195558 -0.039900
v 0.242902 -0.185394 -0.039900
v 0.254343 -0.211145 -0.019900
v 0.262448 -0.200981 -0.019900
v 0.254343 -0.211145 -0.039900
v 0.262448 -0.200981 -0.039900
v 0.296394 -0.074317 -0.019900
v 0.299287 -0.061643 -0.019900
v 0.296394 -0.074317 -0.039900
v 0.299287 -0.061643 -0.039900
v 0.320767 -0.079880 -0.019900
v 0.323660 -0.067206 -0.019900
v 0.320767 -0.079880 -0.039900
v 0.323660 -0.067206 -0.039900
v 0.253000 0.000000 0.000000
v 0.246556 0.000000 0.015556
v 0.231000 0.000000 0.022000
v 0.215444 0.000000 0.015556
v 0.209000 0.000000 0.000000
v 0.215444 -0.000000 -0.015556
v 0.231000 -0.000000 -0.022000
v 0.246556 -0.000000 -0.015556
v 0.248139 0.049358 -0.000000
v 0.241819 0.048101 0.015556
v 0.226561 0.045066 0.022000
v 0.211304 0.042031 0.015556
v 0.204984 0.040774 -0.000000
v 0.211304 0.042031 -0.015556
v 0.226561 0.045066 -0.022000
v 0.241819 0.048101 -0.015556
v 0.233742 0.096819 -0.000000
v 0.227788 0.094353 0.015556
v 0.213416 0.088400 0.022000
v 0.199044 0.082447 0.015556
v 0.193091 0.079981 -0.000000
v 0.199044 0.082447 -0.015556
v 0.213416 0.088400 -0.022000
v 0.227788 0.094353 -0.015556
v 0.210362 0.140559 -0.000000
v 0.205004 0.136979 0.015556
v 0.192069 0.128337 0.022000
v 0.179135 0.119694 0.015556
v 0.173777 0.116114 -0.000000
v 0.179135 0.119694 -0.015556
v 0.192069 0.128337 -0.022000
v 0.205004 0.136979 -0.015556
v 0.178898 0.178898 -0.000000
v 0.174342 0.174342 0.015556
v 0.163342 0.163342 0.022000
v 0.152342 0.152342 0.015556
v 0.147785 0.147785 -0.000000
v 0.152342 0.152342 -0.015556
v 0.163342 0.163342 -0.022000
v 0.174342 0.174342 -0.015556
v 0.140559 0.210362 -0.000000
v 0.136979 0.205004 0.015556
v 0.128337 0.192070 0.022000
v 0.119694 0.179135 0.015556
v 0.116114 0.173777 -0.000000
v 0.119694 0.179135 -0.015556
v 0.128337 0.192070 -0.022000
v 0.136979 0.205004 -0.015556
v 0.096819 0.233742 -0.000000
v 0.094353 0.227788 0.015556
v 0.088400 0.213416 0.022000
v 0.082447 0.199044 0.015556
v 0.079981 0.193091 -0.000000
v 0.082447 0.199044 -0.015556
v 0.088400 0.213416 -0.022000
v 0.094353 0.227788 -0.015556
v 0.049358 0.248139 -0.000000
v 0.048101 0.241819 0.015556
v 0.045066 0.226561 0.022000
v 0.042031 0.211304 0.015556
v 0.040774 0.204984 -0.000000
v 0.042031 0.211304 -0.015556
v 0.045066 0.226561 -0.022000
v 0.048101 0.241819 -0.015556
v 0.000000 0.253000 -0.000000
v 0.000000 0.246556 0.015556
v 0.000000 0.231000 0.022000
v 0.000000 0.215444 0.015556
v 0.000000 0.209000 -0.000000
v 0.000000 0.215444 -0.015556
v 0.000000 0.231000 -0.022000
v 0.000000 0.246556 -0.015556
v -0.049358 0.248139 -0.000000
v -0.048101 0.241819 0.015556
v -0.045066 0.226561 0.022000
v -0.042031 0.211304 0.015556
v -0.040774 0.204984 -0.000000
v -0.042031 0.211304 -0.015556
v -0.045066 0.226561 -0.022000
v -0.048101 0.241819 -0.015556
v -0.096819 0.233742 -0.000000
v -0.094353 0.227788 0.015556
v -0.088400 0.213416 0.022000
v -0.082447 0.199044 0.015556
v -0.079981 0.193091 -0.000000
v -0.082447 0.199044 -0.015556
v -0.088400 0.213416 -0.022000
v -0.094353 0.227788 -0.015556
v -0.140559 0.210362 -0.000000
v -0.136979 0.205004 0.015556
v -0.128337 0.192070 0.022000
v -0.119694 0.179135 0.015556
v -0.116114 0.173777 -0.000000
v -0.119694 0.179135 -0.015556
v -0.128337 0.192070 -0.022000
v -0.136979 0.205004 -0.015556
v -0.178898 0.178898 -0.000000
v -0.174342 0.174342 0.015556
v -0.163342 0.163342 0.022000
v -0.152342 0.152342 0.015556
v -0.147785 0.147785 -0.000000
v -0.152342 0.152342 -0.015556
v -0.163342 0.163342 -0.022000
v -0.174342 0.174342 -0.015556
v -0.210362 0.140559 -0.000000
v -0.205004 0.136979 0.015556
v -0.192069 0.128337 0.022000
v -0.179135 0.119694 0.015556
v -0.173777 0.116114 -0.000000
v -0.179135 0.119694 -0.015556
v -0.192069 0.128337 -0.022000
v -0.205004 0.136979 -0.015556
v -0.233742 0.096819 -0.000000
v -0.227788 0.094353 0.015556
v -0.213416 0.088400 0.022000
v -0.199044 0.082447 0.015556
v -0.193091 0.079981 -0.000000
v -0.199044 0.082447 -0.015556
v -0.213416 0.088400 -0.022000
v -0.227788 0.094353 -0.015556
v -0.248139 0.049358 -0.000000
v -0.241819 0.048101 0.015556
v -0.226561 0.045066 0.022000
v -0.211304 0.042031 0.015556
v -0.204984 0.040774 -0.000000
v -0.211304 0.042031 -0.015556
v -0.226561 0.045066 -0.022000
v -0.241819 0.048101 -0.015556
v -0.253000 0.000000 -0.000000
v -0.246556 0.000000 0.015556
v -0.231000 0.000000 0.022000
v -0.215444 0.000000 0.015556
v -0.209000 0.000000 -0.000000
v -0.215444 0.000000 -0.015556
v -0.231000 0.000000 -0.022000
v -0.246556 0.000000 -0.015556
v -0.248139 -0.049358 0.000000
v -0.241819 -0.048101 0.015556
v -0.226561 -0.045066 0.022000
v -0.211304 -0.042031 0.015556
v -0.204984 -0.040774 0.000000
v -0.211304 -0.042031 -0.015556
v -0.226561 -0.045066 -0.022000
v -0.241819 -0.048101 -0.015556
v -0.233742 -0.096819 0.000000
v -0.227788 -0.094353 0.015556
v -0.213416 -0.088400 0.022000
v -0.199044 -0.082447 0.015556
v -0.193091 -0.079981 0.000000
v -0.199044 -0.082447 -0.015556
v -0.213416 -0.088400 -0.022000
v -0.227788 -0.094353 -0.015556
v -0.210362 -0.140559 0.000000
v -0.205004 -0.136979 0.015556
v -0.192069 -0.128337 0.022000
v -0.179135 -0.119694 0.015556
v -0.173777 -0.116114 0.000000
v -0.179135 -0.119694 -0.015556
v -0.192069 -0.128337 -0.022000
v -0.205004 -0.136979 -0.015556
v -0.178898 -0.178898 0.000000
v -0.174342 -0.174342 0.015556
v -0.163342 -0.163342 0.022000
v -0.152342 -0.152342 0.015556
v -0.147785 -0.147785 0.000000
v -0.152342 -0.152342 -0.015556
v -0.163342 -0.163342 -0.022000
v -0.174342 -0.174342 -0.015556
v -0.140559 -0.210362 0.000000
v -0.136980 -0.205004 0.015556
v -0.128337 -0.192069 0.022000
v -0.119694 -0.179135 0.015556
v -0.116114 -0.173777 0.000000
v -0.119694 -0.179135 -0.015556
v -0.128337 -0.192069 -0.022000
v -0.136980 -0.205004 -0.015556
v -0.096819 -0.233742 0.000000
v -0.094353 -0.227788 0.015556
v -0.088400 -0.213416 0.022000
v -0.082447 -0.199044 0.015556
v -0.079981 -0.193091 0.000000
v -0.082447 -0.199044 -0.015556
v -0.088400 -0.213416 -0.022000
v -0.094353 -0.227788 -0.015556
v -0.049358 -0.248139 0.000000
v -0.048101 -0.241819 0.015556
v -0.045066 -0.226561 0.022000
v -0.042031 -0.211304 0.015556
v -0.040774 -0.204984 0.000000
v -0.042031 -0.211304 -0.015556
v -0.045066 -0.226561 -0.022000
v -0.048101 -0.241819 -0.015556
v 0.000000 -0.253000 0.000000
v 0.000000 -0.246556 0.015556
v 0.000000 -0.231000 0.022000
v 0.000000 -0.215444 0.015556
v 0.000000 -0.209000 0.000000
v 0.000000 -0.215444 -0.015556
v 0.000000 -0.231000 -0.022000
v 0.000000 -0.246556 -0.015556
v 0.049358 -0.248139 0.000000
v 0.048101 -0.241819 0.015556
v 0.045066 -0.226561 0.022000
v 0.042031 -0.211304 0.015556
v 0.040774 -0.204984 0.000000
v 0.042031 -0.211304 -0.015556
v 0.045066 -0.226561 -0.022000
v 0.048101 -0.241819 -0.015556
v 0.096819 -0.233742 0.000000
v 0.094353 -0.227788 0.015556
v 0.088400 -0.213416 0.022000
v 0.082447 -0.199044 0.015556
v 0.079981 -0.193091 0.000000
v 0.082447 -0.199044 -0.015556
v 0.088400 -0.213416 -0.022000
v 0.094353 -0.227788 -0.015556
v 0.140559 -0.210362 0.000000
v 0.136979 -0.205004 0.015556
v 0.128337 -0.192070 0.022000
v 0.119694 -0.179135 0.015556
v 0.116114 -0.173777 0.000000
v 0.119694 -0.179135 -0.015556
v 0.128337 -0.192070 -0.022000
v 0.136979 -0.205004 -0.015556
v 0.178898 -0.178898 0.000000
v 0.174342 -0.174342 0.015556
v 0.163342 -0.163342 0.022000
v 0.152342 -0.152342 0.015556
v 0.147785 -0.147785 0.000000
v 0.152342 -0.152342 -0.015556
v 0.163342 -0.163342 -0.022000
v 0.174342 -0.174342 -0.015556
v 0.210362 -0.140559 0.000000
v 0.205004 -0.136979 0.015556
v 0.192069 -0.128337 0.022000
v 0.179135 -0.119694 0.015556
v 0.173777 -0.116114 0.000000
v 0.179135 -0.119694 -0.015556
v 0.192069 -0.128337 -0.022000
v 0.205004 -0.136979 -0.015556
v 0.233742 -0.096819 0.000000
v 0.227788 -0.094353 0.015556
v 0.213416 -0.088400 0.022000
v 0.199044 -0.082447 0.015556
v 0.193091 -0.079981 0.000000
v 0.199044 -0.082447 -0.015556
v 0.213416 -0.088400 -0.022000
v 0.227788 -0.094353 -0.015556
v 0.248139 -0.049358 0.000000
v 0.241819 -0.048101 0.015556
v 0.226561 -0.045066 0.022000
v 0.211304 -0.042031 0.015556
v 0.204984 -0.040774 0.000000
v 0.211304 -0.042031 -0.015556
v 0.226561 -0.045066 -0.022000
v 0.241819 -0.048101 -0.015556
v 0.000000 0.062000 -0.060375
v 0.000000 0.062000 0.060375
v 0.023726 0.057281 -0.060375
v 0.023726 0.057281 0.060375
v 0.043841 0.043841 -0.060375
v 0.043841 0.043841 0.060375
v 0.057281 0.023726 -0.060375
v 0.057281 0.023726 0.060375
v 0.062000 0.000000 -0.060375
v 0.062000 -0.000000 0.060375
v 0.057281 -0.023726 -0.060375
v 0.057281 -0.023726 0.060375
v 0.043841 -0.043841 -0.060375
v 0.043841 -0.043841 0.060375
v 0.023726 -0.057281 -0.060375
v 0.023726 -0.057281 0.060375
v 0.000000 -0.062000 -0.060375
v 0.000000 -0.062000 0.060375
v -0.023726 -0.057281 -0.060375
v -0.023726 -0.057281 0.060375
v -0.043841 -0.043841 -0.060375
v -0.043841 -0.043841 0.060375
v -0.057281 -0.023726 -0.060375
v -0.057281 -0.023726 0.060375
v -0.062000 0.000000 -0.060375
v -0.062000 -0.000000 0.060375
v -0.057281 0.023726 -0.060375
v -0.057281 0.023726 0.060375
v -0.043841 0.043841 -0.060375
v -0.043841 0.043841 0.060375
v -0.023726 0.057281 -0.060375
v -0.023726 0.057281 0.060375
v 0.055830 -0.000000 -0.030737
v 0.221513 0.068265 -0.005437
v 0.057191 -0.004411 -0.027747
v 0.222874 0.063854 -0.002447
v 0.056361 -0.004411 -0.022310
v 0.222044 0.063854 0.002990
v 0.054170 -0.000000 -0.019863
v 0.219852 0.068265 0.005437
v 0.052809 0.004411 -0.022853
v 0.218491 0.072676 0.002447
v 0.053639 0.004411 -0.028290
v 0.219322 0.072676 -0.002990
v 0.049738 0.021048 0.019906
v 0.176685 0.147520 -0.005394
v 0.053540 0.017641 0.021952
v 0.180487 0.144114 -0.003348
v 0.054615 0.017641 0.027346
v 0.181562 0.144114 0.002046
v 0.051888 0.021048 0.030694
v 0.178835 0.147520 0.005394
v 0.048086 0.024454 0.028648
v 0.175033 0.150927 0.003348
v 0.047011 0.024454 0.023254
v 0.173958 0.150927 -0.002046
v 0.040787 0.038891 -0.030463
v 0.109672 0.204317 -0.005163
v 0.043926 0.036959 -0.026380
v 0.112811 0.202386 -0.001080
v 0.042030 0.036959 -0.021218
v 0.110914 0.202386 0.004082
v 0.036995 0.038891 -0.020137
v 0.105879 0.204317 0.005163
v 0.033856 0.040822 -0.024220
v 0.102740 0.206248 0.001080
v 0.035752 0.040822 -0.029382
v 0.104637 0.206248 -0.004082
v 0.015548 0.050813 0.025227
v 0.015883 0.230008 -0.000073
v 0.018360 0.050147 0.020548
v 0.018696 0.229342 -0.004752
v 0.023860 0.050147 0.020620
v 0.024195 0.229342 -0.004680
v 0.026547 0.050813 0.025373
v 0.026882 0.230008 0.000073
v 0.023735 0.051479 0.030052
v 0.024070 0.230674 0.004752
v 0.018235 0.051479 0.029980
v 0.018571 0.230674 0.004680
v 0.001911 0.055000 -0.020143
v -0.066354 0.220683 0.005157
v -0.003133 0.053084 -0.021206
v -0.071398 0.218767 0.004094
v -0.005045 0.053084 -0.026363
v -0.073310 0.218767 -0.001063
v -0.001911 0.055000 -0.030457
v -0.070176 0.220683 -0.005157
v 0.003133 0.056916 -0.029394
v -0.065132 0.222599 -0.004094
v 0.005045 0.056916 -0.024237
v -0.063221 0.222599 0.001063
v -0.022126 0.050813 0.030693
v -0.148599 0.177760 0.005393
v -0.024863 0.047419 0.027341
v -0.151336 0.174366 0.002041
v -0.023784 0.047419 0.021948
v -0.150257 0.174366 -0.003352
v -0.019969 0.050813 0.019907
v -0.146442 0.177760 -0.005393
v -0.017232 0.054208 0.023259
v -0.143705 0.181155 -0.002041
v -0.018311 0.054208 0.028652
v -0.144784 0.181155 0.003352
v -0.038059 0.038891 -0.019863
v -0.203486 0.107775 0.005437
v -0.040267 0.034486 -0.022308
v -0.205693 0.103371 0.002992
v -0.041099 0.034486 -0.027744
v -0.206525 0.103371 -0.002444
v -0.039722 0.038891 -0.030737
v -0.205149 0.107775 -0.005437
v -0.037514 0.043295 -0.028292
v -0.202941 0.112180 -0.002992
v -0.036683 0.043295 -0.022856
v -0.202109 0.112180 0.002444
v -0.051582 0.021048 0.030746
v -0.230777 0.021383 0.005446
v -0.051207 0.016284 0.028022
v -0.230401 0.016620 0.002722
v -0.050438 0.016284 0.022576
v -0.229632 0.016620 -0.002724
v -0.050044 0.021048 0.019854
v -0.229239 0.021383 -0.005446
v -0.050420 0.025811 0.022578
v -0.229615 0.026146 -0.002722
v -0.051189 0.025811 0.028024
v -0.230384 0.026146 0.002724
v -0.054170 0.000000 -0.019863
v -0.219852 -0.068265 0.005437
v -0.052809 -0.004411 -0.022853
v -0.218491 -0.072676 0.002447
v -0.053639 -0.004411 -0.028290
v -0.219322 -0.072676 -0.002990
v -0.055830 0.000000 -0.030737
v -0.221513 -0.068265 -0.005437
v -0.057191 0.004411 -0.027747
v -0.222874 -0.063854 -0.002447
v -0.056361 0.004411 -0.022310
v -0.222044 -0.063854 0.002990
v -0.051888 -0.021048 0.030694
v -0.178835 -0.147520 0.005394
v -0.048086 -0.024454 0.028648
v -0.175033 -0.150927 0.003348
v -0.047011 -0.024454 0.023254
v -0.173958 -0.150927 -0.002046
v -0.049738 -0.021048 0.019906
v -0.176685 -0.147520 -0.005394
v -0.053540 -0.017641 0.021952
v -0.180487 -0.144114 -0.003348
v -0.054615 -0.017641 0.027346
v -0.181562 -0.144114 0.002046
v -0.036995 -0.038891 -0.020137
v -0.105879 -0.204317 0.005163
v -0.033856 -0.040822 -0.024220
v -0.102740 -0.206248 0.001080
v -0.035752 -0.040822 -0.029382
v -0.104637 -0.206248 -0.004082
v -0.040787 -0.038891 -0.030463
v -0.109672 -0.204317 -0.005163
v -0.043926 -0.036959 -0.026380
v -0.112811 -0.202386 -0.001080
v -0.042030 -0.036959 -0.021218
v -0.110914 -0.202386 0.004082
v -0.026547 -0.050813 0.025373
v -0.026882 -0.230008 0.000073
v -0.023735 -0.051479 0.030052
v -0.024070 -0.230674 0.004752
v -0.018235 -0.051479 0.029980
v -0.018571 -0.230674 0.004679
v -0.015548 -0.050813 0.025227
v -0.015883 -0.230008 -0.000073
v -0.018360 -0.050147 0.020548
v -0.018696 -0.229342 -0.004752
v -0.023860 -0.050147 0.020621
v -0.024195 -0.229342 -0.004680
v 0.001911 -0.055000 -0.030457
v 0.070176 -0.220683 -0.005157
v -0.003133 -0.056916 -0.029394
v 0.065132 -0.222599 -0.004094
v -0.005045 -0.056916 -0.024237
v 0.063221 -0.222599 0.001063
v -0.001911 -0.055000 -0.020143
v 0.066354 -0.220683 0.005157
v 0.003133 -0.053084 -0.021206
v 0.071398 -0.218767 0.004094
v 0.005045 -0.053084 -0.026363
v 0.073310 -0.218767 -0.001063
v 0.019969 -0.050813 0.019907
v 0.146442 -0.177760 -0.005393
v 0.017232 -0.054208 0.023259
v 0.143705 -0.181155 -0.002041
v 0.018311 -0.054208 0.028652
v 0.144784 -0.181155 0.003352
v 0.022126 -0.050813 0.030693
v 0.148599 -0.177760 0.005393
v 0.024863 -0.047419 0.027341
v 0.151336 -0.174366 0.002041
v 0.023784 -0.047419 0.021948
v 0.150257 -0.174366 -0.003352
v 0.039722 -0.038891 -0.030737
v 0.205149 -0.107775 -0.005437
v 0.037514 -0.043295 -0.028292
v 0.202941 -0.112180 -0.002992
v 0.036683 -0.043295 -0.022856
v 0.202109 -0.112180 0.002444
v 0.038059 -0.038891 -0.019863
v 0.203486 -0.107775 0.005437
v 0.040267 -0.034486 -0.022308
v 0.205693 -0.103371 0.002992
v 0.041099 -0.034486 -0.027744
v 0.206525 -0.103371 -0.002444
v 0.050044 -0.021048 0.019854
v 0.229239 -0.021383 -0.005446
v 0.050420 -0.025811 0.022578
v 0.229615 -0.026146 -0.002722
v 0.051189 -0.025811 0.028024
v 0.230384 -0.026146 0.002724
v 0.051582 -0.021048 0.030746
v 0.230777 -0.021383 0.005446
v 0.051207 -0.016284 0.028022
v 0.230401 -0.016620 0.002722
v 0.050438 -0.016284 0.022576
v 0.229632 -0.016620 -0.002724
v 0.155200 0.000000 -0.069000
v 0.150200 0.000000 -0.060340
v 0.140200 0.000000 -0.060340
v 0.135200 0.000000 -0.069000
v 0.140200 -0.000000 -0.077660
v 0.150200 -0.000000 -0.077660
v 0.151309 0.034535 -0.069000
v 0.146434 0.033423 -0.060340
v 0.136685 0.031197 -0.060340
v 0.131810 0.030085 -0.069000
v 0.136685 0.031197 -0.077660
v 0.146434 0.033423 -0.077660
v 0.139830 0.067339 -0.069000
v 0.135326 0.065169 -0.060340
v 0.126316 0.060830 -0.060340
v 0.121811 0.058661 -0.069000
v 0.126316 0.060830 -0.077660
v 0.135326 0.065169 -0.077660
v 0.121340 0.096766 -0.069000
v 0.117431 0.093648 -0.060340
v 0.109613 0.087413 -0.060340
v 0.105704 0.084296 -0.069000
v 0.109613 0.087413 -0.077660
v 0.117431 0.093648 -0.077660
v 0.096766 0.121340 -0.069000
v 0.093648 0.117431 -0.060340
v 0.087413 0.109613 -0.060340
v 0.084296 0.105704 -0.069000
v 0.087413 0.109613 -0.077660
v 0.093648 0.117431 -0.077660
v 0.067339 0.139830 -0.069000
v 0.065169 0.135325 -0.060340
v 0.060831 0.126316 -0.060340
v 0.058661 0.121811 -0.069000
v 0.060831 0.126316 -0.077660
v 0.065169 0.135325 -0.077660
v 0.034535 0.151309 -0.069000
v 0.033423 0.146434 -0.060340
v 0.031197 0.136685 -0.060340
v 0.030085 0.131810 -0.069000
v 0.031197 0.136685 -0.077660
v 0.033423 0.146434 -0.077660
v 0.000000 0.155200 -0.069000
v 0.000000 0.150200 -0.060340
v 0.000000 0.140200 -0.060340
v 0.000000 0.135200 -0.069000
v 0.000000 0.140200 -0.077660
v 0.000000 0.150200 -0.077660
v -0.034535 0.151309 -0.069000
v -0.033423 0.146434 -0.060340
v -0.031197 0.136685 -0.060340
v -0.030085 0.131810 -0.069000
v -0.031197 0.136685 -0.077660
v -0.033423 0.146434 -0.077660
v -0.067339 0.139830 -0.069000
v -0.065169 0.135326 -0.060340
v -0.060831 0.126316 -0.060340
v -0.058661 0.121811 -0.069000
v -0.060831 0.126316 -0.077660
v -0.065169 0.135326 -0.077660
v -0.096766 0.121340 -0.069000
v -0.093648 0.117431 -0.060340
v -0.087413 0.109613 -0.060340
v -0.084296 0.105704 -0.069000
v -0.087413 0.109613 -0.077660
v -0.093648 0.117431 -0.077660
v -0.121340 0.096766 -0.069000
v -0.117431 0.093648 -0.060340
v -0.109613 0.087413 -0.060340
v -0.105704 0.084296 -0.069000
v -0.109613 0.087413 -0.077660
v -0.117431 0.093648 -0.077660
v -0.139830 0.067339 -0.069000
v -0.135326 0.065169 -0.060340
v -0.126316 0.060831 -0.060340
v -0.121811 0.058661 -0.069000
v -0.126316 0.060831 -0.077660
v -0.135326 0.065169 -0.077660
v -0.151309 0.034535 -0.069000
v -0.146434 0.033423 -0.060340
v -0.136685 0.031197 -0.060340
v -0.131810 0.030085 -0.069000
v -0.136685 0.031197 -0.077660
v -0.146434 0.033423 -0.077660
v -0.155200 0.000000 -0.069000
v -0.150200 0.000000 -0.060340
v -0.140200 0.000000 -0.060340
v -0.135200 0.000000 -0.069000
v -0.140200 0.000000 -0.077660
v -0.150200 0.000000 -0.077660
v -0.151309 -0.034535 -0.069000
v -0.146434 -0.033423 -0.060340
v -0.136685 -0.031197 -0.060340
v -0.131810 -0.030085 -0.069000
v -0.136685 -0.031197 -0.077660
v -0.146434 -0.033423 -0.077660
v -0.139830 -0.067339 -0.069000
v -0.135326 -0.065169 -0.060340
v -0.126316 -0.060830 -0.060340
v -0.121811 -0.058661 -0.069000
v -0.126316 -0.060830 -0.077660
v -0.135326 -0.065169 -0.077660
v -0.121340 -0.096766 -0.069000
v -0.117431 -0.093648 -0.060340
v -0.109613 -0.087413 -0.060340
v -0.105704 -0.084296 -0.069000
v -0.109613 -0.087413 -0.077660
v -0.117431 -0.093648 -0.077660
v -0.096766 -0.121340 -0.069000
v -0.093648 -0.117431 -0.060340
v -0.087413 -0.109613 -0.060340
v -0.084296 -0.105704 -0.069000
v -0.087413 -0.109613 -0.077660
v -0.093648 -0.117431 -0.077660
v -0.067339 -0.139830 -0.069000
v -0.065169 -0.135326 -0.060340
v -0.060831 -0.126316 -0.060340
v -0.058661 -0.121811 -0.069000
v -0.060831 -0.126316 -0.077660
v -0.065169 -0.135326 -0.077660
v -0.034535 -0.151309 -0.069000
v -0.033423 -0.146434 -0.060340
v -0.031197 -0.136685 -0.060340
v -0.030085 -0.131810 -0.069000
v -0.031197 -0.136685 -0.077660
v -0.033423 -0.146434 -0.077660
v 0.000000 -0.155200 -0.069000
v 0.000000 -0.150200 -0.060340
v 0.000000 -0.140200 -0.060340
v 0.000000 -0.135200 -0.069000
v 0.000000 -0.140200 -0.077660
v 0.000000 -0.150200 -0.077660
v 0.034535 -0.151309 -0.069000
v 0.033423 -0.146434 -0.060340
v 0.031197 -0.136685 -0.060340
v 0.030085 -0.131810 -0.069000
v 0.031197 -0.136685 -0.077660
v 0.033423 -0.146434 -0.077660
v 0.067339 -0.139830 -0.069000
v 0.065169 -0.135325 -0.060340
v 0.060831 -0.126316 -0.060340
v 0.058661 -0.121811 -0.069000
v 0.060831 -0.126316 -0.077660
v 0.065169 -0.135325 -0.077660
v 0.096766 -0.121340 -0.069000
v 0.093648 -0.117431 -0.060340
v 0.087413 -0.109613 -0.060340
v 0.084296 -0.105704 -0.069000
v 0.087413 -0.109613 -0.077660
v 0.093648 -0.117431 -0.077660
v 0.121340 -0.096766 -0.069000
v 0.117431 -0.093648 -0.060340
v 0.109613 -0.087413 -0.060340
v 0.105704 -0.084296 -0.069000
v 0.109613 -0.087413 -0.077660
v 0.117431 -0.093648 -0.077660
v 0.139830 -0.067339 -0.069000
v 0.135325 -0.065169 -0.060340
v 0.126316 -0.060831 -0.060340
v 0.121811 -0.058661 -0.069000
v 0.126316 -0.060831 -0.077660
v 0.135325 -0.065169 -0.077660
v 0.151309 -0.034535 -0.069000
v 0.146434 -0.033423 -0.060340
v 0.136685 -0.031197 -0.060340
v 0.131810 -0.030085 -0.069000
v 0.136685 -0.031197 -0.077660
v 0.146434 -0.033423 -0.077660
vn 0.9848 0.1736 -0.0000
vn 0.8148 -0.0000 0.5798
vn 1.0000 -0.0000 -0.0000
vn 0.8024 0.1415 0.5798
vn 0.3244 -0.0000 0.9459
vn 0.3195 0.0563 0.9459
vn -0.2933 -0.0000 0.9560
vn -0.2889 -0.0509 0.9560
vn -0.8029 -0.0000 0.5961
vn -0.7907 -0.1394 0.5961
vn -1.0000 -0.0000 -0.0000
vn -0.7907 -0.1394 -0.5961
vn -0.8029 -0.0000 -0.5961
vn -0.2889 -0.0509 -0.9560
vn -0.2933 -0.0000 -0.9560
vn 0.3195 0.0563 -0.9459
vn 0.3244 -0.0000 -0.9459
vn 0.8148 -0.0000 -0.5798
vn 0.8024 0.1415 -0.5798
vn 0.9397 0.3420 -0.0000
vn 0.3048 0.1109 0.9459
vn -0.2756 -0.1003 0.9560
vn -0.9397 -0.3420 -0.0000
vn -0.9848 -0.1736 -0.0000
vn -0.2756 -0.1003 -0.9560
vn 0.3048 0.1109 -0.9459
vn 0.7056 0.4074 0.5798
vn 0.7656 0.2787 0.5798
vn 0.2809 0.1622 0.9459
vn -0.6954 -0.4015 0.5961
vn -0.7545 -0.2746 0.5961
vn -0.8660 -0.5000 -0.0000
vn -0.7545 -0.2746 -0.5961
vn -0.6954 -0.4015 -0.5961
vn -0.2540 -0.1467 -0.9560
vn 0.2809 0.1622 -0.9459
vn 0.7656 0.2787 -0.5798
vn 0.7056 0.4074 -0.5798
vn 0.7660 0.6428 -0.0000
vn 0.8660 0.5000 -0.0000
vn 0.2485 0.2085 0.9459
vn -0.2247 -0.1885 0.9560
vn -0.2540 -0.1467 0.9560
vn -0.6151 -0.5161 0.5961
vn -0.7660 -0.6428 -0.0000
vn -0.6151 -0.5161 -0.5961
vn -0.2247 -0.1885 -0.9560
vn 0.2485 0.2085 -0.9459
vn 0.5237 0.6242 0.5798
vn 0.6242 0.5237 0.5798
vn -0.1885 -0.2247 0.9560
vn -0.5161 -0.6151 0.5961
vn -0.6428 -0.7660 -0.0000
vn -0.1885 -0.2247 -0.9560
vn 0.2085 0.2485 -0.9459
vn 0.6242 0.5237 -0.5798
vn 0.5237 0.6242 -0.5798
vn 0.5000 0.8660 -0.0000
vn 0.6428 0.7660 -0.0000
vn 0.4074 0.7056 0.5798
vn 0.2085 0.2485 0.9459
vn -0.1467 -0.2540 0.9560
vn -0.4015 -0.6954 0.5961
vn -0.4015 -0.6954 -0.5961
vn -0.5161 -0.6151 -0.5961
vn 0.1622 0.2809 -0.9459
vn 0.4074 0.7056 -0.5798
vn 0.2787 0.7656 0.5798
vn 0.1622 0.2809 0.9459
vn 0.1109 0.3048 0.9459
vn -0.2746 -0.7545 0.5961
vn -0.5000 -0.8660 -0.0000
vn -0.3420 -0.9397 -0.0000
vn -0.2746 -0.7545 -0.5961
vn -0.1467 -0.2540 -0.9560
vn -0.1003 -0.2756 -0.9560
vn 0.2787 0.7656 -0.5798
vn 0.3420 0.9397 -0.0000
vn 0.1415 0.8024 0.5798
vn 0.0563 0.3195 0.9459
vn -0.1003 -0.2756 0.9560
vn -0.1394 -0.7907 0.5961
vn -0.1736 -0.9848 -0.0000
vn -0.1394 -0.7907 -0.5961
vn 0.0563 0.3195 -0.9459
vn 0.1109 0.3048 -0.9459
vn 0.1415 0.8024 -0.5798
vn -0.0000 1.0000 -0.0000
vn 0.1736 0.9848 -0.0000
vn -0.0000 0.8148 0.5798
vn -0.0000 0.3244 0.9459
vn -0.0509 -0.2889 0.9560
vn -0.0000 -0.2933 0.9560
vn -0.0000 -0.8029 0.5961
vn -0.0000 -0.8029 -0.5961
vn -0.0000 -0.2933 -0.9560
vn -0.0509 -0.2889 -0.9560
vn -0.0000 0.3244 -0.9459
vn -0.0000 0.8148 -0.5798
vn -0.1736 0.9848 -0.0000
vn -0.1415 0.8024 0.5798
vn 0.0509 -0.2889 0.9560
vn 0.1394 -0.7907 0.5961
vn 0.1736 -0.9848 -0.0000
vn -0.0000 -1.0000 -0.0000
vn 0.1394 -0.7907 -0.5961
vn 0.0509 -0.2889 -0.9560
vn -0.1415 0.8024 -0.5798
vn -0.3420 0.9397 -0.0000
vn -0.2787 0.7656 0.5798
vn -0.0563 0.3195 0.9459
vn -0.1109 0.3048 0.9459
vn 0.1003 -0.2756 0.9560
vn 0.3420 -0.9397 -0.0000
vn 0.1003 -0.2756 -0.9560
vn -0.0563 0.3195 -0.9459
vn -0.1109 0.3048 -0.9459
vn -0.5000 0.8660 -0.0000
vn -0.4074 0.7056 0.5798
vn -0.1622 0.2809 0.9459
vn 0.4015 -0.6954 0.5961
vn 0.2746 -0.7545 0.5961
vn 0.5000 -0.8660 -0.0000
vn 0.2746 -0.7545 -0.5961
vn 0.4015 -0.6954 -0.5961
vn 0.1467 -0.2540 -0.9560
vn -0.4074 0.7056 -0.5798
vn -0.2787 0.7656 -0.5798
vn -0.6428 0.7660 -0.0000
vn -0.5237 0.6242 0.5798
vn 0.1885 -0.2247 0.9560
vn 0.1467 -0.2540 0.9560
vn 0.5161 -0.6151 0.5961
vn 0.6428 -0.7660 -0.0000
vn 0.5161 -0.6151 -0.5961
vn 0.1885 -0.2247 -0.9560
vn -0.1622 0.2809 -0.9459
vn -0.2085 0.2485 -0.9459
vn -0.7660 0.6428 -0.0000
vn -0.6242 0.5237 0.5798
vn -0.2085 0.2485 0.9459
vn -0.2485 0.2085 0.9459
vn 0.6151 -0.5161 0.5961
vn 0.7660 -0.6428 -0.0000
vn 0.6151 -0.5161 -0.5961
vn 0.2247 -0.1885 -0.9560
vn -0.2485 0.2085 -0.9459
vn -0.5237 0.6242 -0.5798
vn -0.6242 0.5237 -0.5798
vn -0.8660 0.5000 -0.0000
vn -0.2809 0.1622 0.9459
vn 0.2247 -0.1885 0.9560
vn 0.6954 -0.4015 0.5961
vn 0.6954 -0.4015 -0.5961
vn 0.2540 -0.1467 -0.9560
vn -0.2809 0.1622 -0.9459
vn -0.7056 0.4074 -0.5798
vn -0.7656 0.2787 0.5798
vn -0.7056 0.4074 0.5798
vn -0.3048 0.1109 0.9459
vn 0.2540 -0.1467 0.9560
vn 0.2756 -0.1003 0.9560
vn 0.7545 -0.2746 0.5961
vn 0.8660 -0.5000 -0.0000
vn 0.9397 -0.3420 -0.0000
vn 0.7545 -0.2746 -0.5961
vn -0.3048 0.1109 -0.9459
vn -0.7656 0.2787 -0.5798
vn -0.9848 0.1736 -0.0000
vn -0.9397 0.3420 -0.0000
vn -0.8024 0.1415 0.5798
vn -0.3195 0.0563 0.9459
vn 0.2889 -0.0509 0.9560
vn 0.7907 -0.1394 0.5961
vn 0.7907 -0.1394 -0.5961
vn 0.2889 -0.0509 -0.9560
vn 0.2756 -0.1003 -0.9560
vn -0.8024 0.1415 -0.5798
vn -0.8148 -0.0000 0.5798
vn -0.3244 -0.0000 0.9459
vn 0.2933 -0.0000 0.9560
vn 0.8029 -0.0000 0.5961
vn 0.9848 -0.1736 -0.0000
vn 0.8029 -0.0000 -0.5961
vn 0.2933 -0.0000 -0.9560
vn -0.3195 0.0563 -0.9459
vn -0.3244 -0.0000 -0.9459
vn -0.8148 -0.0000 -0.5798
vn -0.8024 -0.1415 0.5798
vn 0.2889 0.0509 0.9560
vn 0.7907 0.1394 0.5961
vn 0.7907 0.1394 -0.5961
vn 0.2889 0.0509 -0.9560
vn -0.8024 -0.1415 -0.5798
vn -0.7656 -0.2787 0.5798
vn -0.3195 -0.0563 0.9459
vn -0.3048 -0.1109 0.9459
vn 0.2756 0.1003 0.9560
vn 0.7545 0.2746 0.5961
vn 0.2756 0.1003 -0.9560
vn -0.3195 -0.0563 -0.9459
vn -0.3048 -0.1109 -0.9459
vn -0.7656 -0.2787 -0.5798
vn -0.7056 -0.4074 0.5798
vn -0.2809 -0.1622 0.9459
vn 0.6954 0.4015 0.5961
vn 0.7545 0.2746 -0.5961
vn 0.6954 0.4015 -0.5961
vn 0.2540 0.1467 -0.9560
vn -0.7056 -0.4074 -0.5798
vn -0.6242 -0.5237 0.5798
vn 0.2247 0.1885 0.9560
vn 0.2540 0.1467 0.9560
vn 0.6151 0.5161 0.5961
vn 0.6151 0.5161 -0.5961
vn 0.2247 0.1885 -0.9560
vn -0.2809 -0.1622 -0.9459
vn -0.2485 -0.2085 -0.9459
vn -0.6242 -0.5237 -0.5798
vn -0.5237 -0.6242 0.5798
vn -0.2485 -0.2085 0.9459
vn -0.2085 -0.2485 0.9459
vn 0.1885 0.2247 0.9560
vn 0.5161 0.6151 0.5961
vn 0.1885 0.2247 -0.9560
vn -0.2085 -0.2485 -0.9459
vn -0.5237 -0.6242 -0.5798
vn -0.4074 -0.7056 0.5798
vn -0.1622 -0.2809 0.9459
vn 0.1467 0.2540 0.9560
vn 0.4015 0.6954 0.5961
vn 0.4015 0.6954 -0.5961
vn 0.5161 0.6151 -0.5961
vn 0.1467 0.2540 -0.9560
vn -0.1622 -0.2809 -0.9459
vn -0.4074 -0.7056 -0.5798
vn -0.2787 -0.7656 0.5798
vn -0.1109 -0.3048 0.9459
vn 0.1003 0.2756 0.9560
vn 0.1003 0.2756 -0.9560
vn -0.1109 -0.3048 -0.9459
vn -0.2787 -0.7656 -0.5798
vn -0.1415 -0.8024 0.5798
vn -0.0563 -0.3195 0.9459
vn 0.1394 0.7907 0.5961
vn 0.2746 0.7545 0.5961
vn 0.2746 0.7545 -0.5961
vn 0.1394 0.7907 -0.5961
vn 0.0509 0.2889 -0.9560
vn -0.0563 -0.3195 -0.9459
vn -0.1415 -0.8024 -0.5798
vn -0.0000 -0.3244 0.9459
vn 0.0509 0.2889 0.9560
vn -0.0000 0.2933 0.9560
vn -0.0000 0.8029 0.5961
vn -0.0000 0.8029 -0.5961
vn -0.0000 0.2933 -0.9560
vn -0.0000 -0.3244 -0.9459
vn -0.0000 -0.8148 -0.5798
vn 0.1415 -0.8024 0.5798
vn -0.0000 -0.8148 0.5798
vn 0.0563 -0.3195 0.9459
vn -0.0509 0.2889 0.9560
vn -0.1394 0.7907 -0.5961
vn -0.0509 0.2889 -0.9560
vn 0.0563 -0.3195 -0.9459
vn 0.1415 -0.8024 -0.5798
vn 0.2787 -0.7656 0.5798
vn -0.1003 0.2756 0.9560
vn -0.1394 0.7907 0.5961
vn -0.2746 0.7545 0.5961
vn -0.2746 0.7545 -0.5961
vn -0.1003 0.2756 -0.9560
vn 0.1109 -0.3048 -0.9459
vn 0.1622 -0.2809 0.9459
vn 0.1109 -0.3048 0.9459
vn -0.4015 0.6954 0.5961
vn -0.4015 0.6954 -0.5961
vn -0.1467 0.2540 -0.9560
vn 0.1622 -0.2809 -0.9459
vn 0.2787 -0.7656 -0.5798
vn 0.5237 -0.6242 0.5798
vn 0.4074 -0.7056 0.5798
vn 0.2085 -0.2485 0.9459
vn -0.1467 0.2540 0.9560
vn -0.5161 0.6151 0.5961
vn -0.5161 0.6151 -0.5961
vn -0.1885 0.2247 -0.9560
vn 0.2085 -0.2485 -0.9459
vn 0.4074 -0.7056 -0.5798
vn 0.6242 -0.5237 0.5798
vn 0.2485 -0.2085 0.9459
vn -0.1885 0.2247 0.9560
vn -0.2247 0.1885 0.9560
vn -0.6151 0.5161 0.5961
vn -0.2247 0.1885 -0.9560
vn 0.2485 -0.2085 -0.9459
vn 0.5237 -0.6242 -0.5798
vn 0.7056 -0.4074 0.5798
vn 0.2809 -0.1622 0.9459
vn -0.2540 0.1467 0.9560
vn -0.6954 0.4015 0.5961
vn -0.6954 0.4015 -0.5961
vn -0.6151 0.5161 -0.5961
vn -0.2540 0.1467 -0.9560
vn 0.2809 -0.1622 -0.9459
vn 0.7056 -0.4074 -0.5798
vn 0.6242 -0.5237 -0.5798
vn 0.7656 -0.2787 0.5798
vn -0.2756 0.1003 0.9560
vn -0.2756 0.1003 -0.9560
vn 0.7656 -0.2787 -0.5798
vn 0.8024 -0.1415 0.5798
vn 0.3048 -0.1109 0.9459
vn 0.3195 -0.0563 0.9459
vn -0.7907 0.1394 0.5961
vn -0.7545 0.2746 0.5961
vn -0.7907 0.1394 -0.5961
vn -0.7545 0.2746 -0.5961
vn -0.2889 0.0509 -0.9560
vn 0.3048 -0.1109 -0.9459
vn 0.3195 -0.0563 -0.9459
vn 0.8024 -0.1415 -0.5798
vn -0.2889 0.0509 0.9560
vn -0.0000 -0.0000 -1.0000
vn -0.0000 -0.0000 1.0000
vn -0.9010 -0.4339 -0.0000
vn 0.9010 0.4339 -0.0000
vn 0.4339 -0.9010 -0.0000
vn -0.4339 0.9010 -0.0000
vn -0.6235 -0.7818 -0.0000
vn 0.6235 0.7818 -0.0000
vn 0.7818 -0.6235 -0.0000
vn -0.7818 0.6235 -0.0000
vn -0.2225 -0.9749 -0.0000
vn 0.2225 0.9749 -0.0000
vn 0.9749 -0.2225 -0.0000
vn -0.9749 0.2225 -0.0000
vn 0.2225 -0.9749 -0.0000
vn -0.2225 0.9749 -0.0000
vn 0.9749 0.2225 -0.0000
vn -0.9749 -0.2225 -0.0000
vn 0.6235 -0.7818 -0.0000
vn -0.6235 0.7818 -0.0000
vn 0.7818 0.6235 -0.0000
vn -0.7818 -0.6235 -0.0000
vn 0.9010 -0.4339 -0.0000
vn -0.9010 0.4339 -0.0000
vn 0.4339 0.9010 -0.0000
vn -0.4339 -0.9010 -0.0000
vn 0.7049 0.1402 0.6954
vn 0.7187 -0.0000 0.6954
vn 0.0239 -0.0000 0.9997
vn 0.0234 0.0047 0.9997
vn -0.6948 -0.0000 0.7193
vn -0.6814 -0.1355 0.7193
vn -0.9808 -0.1951 -0.0000
vn -0.6948 -0.0000 -0.7193
vn 0.0234 0.0047 -0.9997
vn 0.0239 -0.0000 -0.9997
vn 0.7049 0.1402 -0.6954
vn 0.7187 -0.0000 -0.6954
vn 0.9239 0.3827 -0.0000
vn 0.9808 0.1951 -0.0000
vn 0.0221 0.0091 0.9997
vn -0.6419 -0.2659 0.7193
vn -0.9239 -0.3827 -0.0000
vn -0.6814 -0.1355 -0.7193
vn -0.6419 -0.2659 -0.7193
vn 0.0221 0.0091 -0.9997
vn 0.6640 0.2750 -0.6954
vn 0.8315 0.5556 -0.0000
vn 0.6640 0.2750 0.6954
vn 0.5976 0.3993 0.6954
vn 0.0199 0.0133 0.9997
vn -0.8315 -0.5556 -0.0000
vn -0.5777 -0.3860 -0.7193
vn 0.0199 0.0133 -0.9997
vn 0.5976 0.3993 -0.6954
vn 0.7071 0.7071 -0.0000
vn 0.0169 0.0169 0.9997
vn -0.5777 -0.3860 0.7193
vn -0.4913 -0.4913 0.7193
vn -0.7071 -0.7071 -0.0000
vn 0.0169 0.0169 -0.9997
vn 0.3993 0.5976 0.6954
vn 0.5082 0.5082 0.6954
vn -0.3860 -0.5777 0.7193
vn -0.5556 -0.8315 -0.0000
vn -0.4913 -0.4913 -0.7193
vn -0.3860 -0.5777 -0.7193
vn 0.0133 0.0199 -0.9997
vn 0.5082 0.5082 -0.6954
vn 0.3993 0.5976 -0.6954
vn 0.3827 0.9239 -0.0000
vn 0.5556 0.8315 -0.0000
vn 0.2750 0.6640 0.6954
vn 0.0133 0.0199 0.9997
vn -0.2659 -0.6419 0.7193
vn -0.2659 -0.6419 -0.7193
vn 0.2750 0.6640 -0.6954
vn 0.1951 0.9808 -0.0000
vn 0.0047 0.0234 0.9997
vn 0.0091 0.0221 0.9997
vn -0.1355 -0.6814 0.7193
vn -0.3827 -0.9239 -0.0000
vn -0.1951 -0.9808 -0.0000
vn 0.0047 0.0234 -0.9997
vn 0.0091 0.0221 -0.9997
vn 0.1402 0.7049 0.6954
vn -0.0000 0.7187 0.6954
vn -0.0000 0.0239 0.9997
vn -0.0000 -0.6948 0.7193
vn -0.0000 -0.6948 -0.7193
vn -0.1355 -0.6814 -0.7193
vn -0.0000 0.0239 -0.9997
vn 0.1402 0.7049 -0.6954
vn -0.1402 0.7049 0.6954
vn -0.0047 0.0234 0.9997
vn 0.1355 -0.6814 0.7193
vn 0.1355 -0.6814 -0.7193
vn -0.1402 0.7049 -0.6954
vn -0.0000 0.7187 -0.6954
vn -0.3827 0.9239 -0.0000
vn -0.1951 0.9808 -0.0000
vn -0.2750 0.6640 0.6954
vn -0.0091 0.0221 0.9997
vn 0.3827 -0.9239 -0.0000
vn 0.1951 -0.9808 -0.0000
vn 0.2659 -0.6419 -0.7193
vn -0.0047 0.0234 -0.9997
vn -0.0091 0.0221 -0.9997
vn -0.3993 0.5976 0.6954
vn -0.0133 0.0199 0.9997
vn 0.2659 -0.6419 0.7193
vn 0.3860 -0.5777 0.7193
vn 0.5556 -0.8315 -0.0000
vn 0.3860 -0.5777 -0.7193
vn -0.3993 0.5976 -0.6954
vn -0.2750 0.6640 -0.6954
vn -0.5556 0.8315 -0.0000
vn -0.5082 0.5082 0.6954
vn 0.4913 -0.4913 0.7193
vn 0.7071 -0.7071 -0.0000
vn 0.4913 -0.4913 -0.7193
vn -0.0133 0.0199 -0.9997
vn -0.5082 0.5082 -0.6954
vn -0.7071 0.7071 -0.0000
vn -0.5976 0.3993 0.6954
vn -0.0169 0.0169 0.9997
vn 0.5777 -0.3860 0.7193
vn 0.8315 -0.5556 -0.0000
vn 0.5777 -0.3860 -0.7193
vn -0.0169 0.0169 -0.9997
vn -0.0199 0.0133 -0.9997
vn -0.5976 0.3993 -0.6954
vn -0.9239 0.3827 -0.0000
vn -0.8315 0.5556 -0.0000
vn -0.6640 0.2750 0.6954
vn -0.0199 0.0133 0.9997
vn 0.6419 -0.2659 0.7193
vn 0.9239 -0.3827 -0.0000
vn 0.6419 -0.2659 -0.7193
vn -0.0221 0.0091 -0.9997
vn -0.7049 0.1402 0.6954
vn -0.0221 0.0091 0.9997
vn 0.6814 -0.1355 0.7193
vn 0.6814 -0.1355 -0.7193
vn -0.0234 0.0047 -0.9997
vn -0.6640 0.2750 -0.6954
vn -0.7049 0.1402 -0.6954
vn -0.9808 0.1951 -0.0000
vn -0.7187 -0.0000 0.6954
vn -0.0234 0.0047 0.9997
vn -0.0239 -0.0000 0.9997
vn 0.6948 -0.0000 0.7193
vn 0.9808 -0.1951 -0.0000
vn -0.0239 -0.0000 -0.9997
vn -0.7187 -0.0000 -0.6954
vn -0.0234 -0.0047 0.9997
vn 0.6814 0.1355 0.7193
vn 0.6948 -0.0000 -0.7193
vn 0.6814 0.1355 -0.7193
vn -0.0234 -0.0047 -0.9997
vn -0.7049 -0.1402 -0.6954
vn -0.7049 -0.1402 0.6954
vn -0.6640 -0.2750 0.6954
vn -0.0221 -0.0091 0.9997
vn 0.6419 0.2659 0.7193
vn -0.0221 -0.0091 -0.9997
vn -0.5976 -0.3993 0.6954
vn -0.0199 -0.0133 0.9997
vn 0.6419 0.2659 -0.7193
vn -0.0199 -0.0133 -0.9997
vn -0.6640 -0.2750 -0.6954
vn -0.5976 -0.3993 -0.6954
vn -0.5082 -0.5082 0.6954
vn -0.0169 -0.0169 0.9997
vn 0.5777 0.3860 0.7193
vn 0.4913 0.4913 0.7193
vn 0.5777 0.3860 -0.7193
vn -0.0169 -0.0169 -0.9997
vn -0.3993 -0.5975 0.6954
vn -0.0133 -0.0199 0.9997
vn 0.3860 0.5777 0.7193
vn 0.3860 0.5777 -0.7193
vn 0.4913 0.4913 -0.7193
vn -0.0133 -0.0199 -0.9997
vn -0.5082 -0.5082 -0.6954
vn -0.3993 -0.5975 -0.6954
vn -0.2750 -0.6640 0.6954
vn 0.2659 0.6419 0.7193
vn 0.2659 0.6419 -0.7193
vn -0.0091 -0.0221 -0.9997
vn -0.2750 -0.6640 -0.6954
vn -0.1402 -0.7049 0.6954
vn -0.0091 -0.0221 0.9997
vn -0.0047 -0.0234 0.9997
vn 0.1355 0.6814 -0.7193
vn -0.0047 -0.0234 -0.9997
vn -0.0000 -0.7187 0.6954
vn -0.0000 -0.0239 0.9997
vn 0.1355 0.6814 0.7193
vn -0.0000 -0.0239 -0.9997
vn -0.1402 -0.7049 -0.6954
vn 0.1402 -0.7049 0.6954
vn 0.0047 -0.0234 0.9997
vn -0.0000 0.6948 0.7193
vn -0.1355 0.6814 0.7193
vn -0.0000 0.6948 -0.7193
vn -0.1355 0.6814 -0.7193
vn 0.1402 -0.7049 -0.6954
vn -0.0000 -0.7187 -0.6954
vn 0.2750 -0.6640 0.6954
vn 0.0091 -0.0221 0.9997
vn -0.2659 0.6419 0.7193
vn -0.2659 0.6419 -0.7193
vn 0.0047 -0.0234 -0.9997
vn 0.2750 -0.6640 -0.6954
vn 0.3993 -0.5976 0.6954
vn 0.0133 -0.0199 0.9997
vn 0.0133 -0.0199 -0.9997
vn 0.0091 -0.0221 -0.9997
vn 0.3993 -0.5976 -0.6954
vn 0.5082 -0.5082 0.6954
vn 0.0169 -0.0169 0.9997
vn -0.3860 0.5777 0.7193
vn -0.3860 0.5777 -0.7193
vn 0.0169 -0.0169 -0.9997
vn 0.5082 -0.5082 -0.6954
vn 0.5976 -0.3993 0.6954
vn 0.0199 -0.0133 0.9997
vn -0.4913 0.4913 0.7193
vn -0.5777 0.3860 0.7193
vn -0.4913 0.4913 -0.7193
vn -0.5777 0.3860 -0.7193
vn 0.5976 -0.3993 -0.6954
vn 0.6640 -0.2750 0.6954
vn 0.0221 -0.0091 0.9997
vn -0.6419 0.2659 -0.7193
vn 0.0199 -0.0133 -0.9997
vn 0.6640 -0.2750 -0.6954
vn 0.7049 -0.1402 0.6954
vn 0.0234 -0.0047 0.9997
vn -0.6419 0.2659 0.7193
vn -0.6814 0.1355 -0.7193
vn 0.0221 -0.0091 -0.9997
vn 0.7049 -0.1402 -0.6954
vn -0.6814 0.1355 0.7193
vn 0.0234 -0.0047 -0.9997
vn -0.0000 0.7462 0.6657
vn 0.2856 0.6894 -0.6657
vn -0.0000 0.7462 -0.6657
vn 0.2856 0.6894 0.6657
vn 0.5276 0.5276 -0.6657
vn 0.5276 0.5276 0.6657
vn 0.6894 0.2856 -0.6657
vn 0.6894 0.2856 0.6657
vn 0.7462 -0.0000 -0.6657
vn 0.7462 -0.0000 0.6657
vn 0.6894 -0.2856 -0.6657
vn 0.6894 -0.2856 0.6657
vn 0.5276 -0.5276 -0.6657
vn 0.5276 -0.5276 0.6657
vn 0.2856 -0.6894 -0.6657
vn 0.2856 -0.6894 0.6657
vn -0.0000 -0.7462 -0.6657
vn -0.0000 -0.7462 0.6657
vn -0.2856 -0.6894 -0.6657
vn -0.2856 -0.6894 0.6657
vn -0.5276 -0.5276 -0.6657
vn -0.5276 -0.5276 0.6657
vn -0.6894 -0.2856 -0.6657
vn -0.6894 -0.2856 0.6657
vn -0.7462 -0.0000 -0.6657
vn -0.7462 -0.0000 0.6657
vn -0.6894 0.2856 -0.6657
vn -0.6894 0.2856 0.6657
vn -0.5276 0.5276 -0.6657
vn -0.5276 0.5276 0.6657
vn -0.2856 0.6894 -0.6657
vn -0.2856 0.6894 0.6657
vn 0.6781 0.2301 -0.6980
vn -0.2428 -0.8656 -0.4379
vn -0.4388 -0.2301 -0.8686
vn 0.8742 -0.4054 -0.2673
vn -0.3624 -0.8656 0.3455
vn 0.7545 -0.4054 0.5160
vn -0.6781 -0.2301 0.6980
vn 0.4388 0.2301 0.8686
vn -0.8742 0.4055 0.2673
vn 0.2428 0.8656 0.4379
vn 0.3624 0.8656 -0.3455
vn -0.7545 0.4055 -0.5160
vn 0.2730 0.4263 -0.8624
vn -0.0350 -0.9171 -0.3970
vn -0.5828 -0.4263 -0.6918
vn 0.8208 -0.0645 -0.5676
vn 0.1199 -0.9171 0.3801
vn 0.5828 0.4263 0.6918
vn -0.2730 -0.4263 0.8624
vn -0.8208 0.0646 0.5676
vn 0.0350 0.9171 0.3970
vn 0.9757 -0.0646 0.2095
vn -0.9757 0.0646 -0.2095
vn 0.0410 -0.5576 -0.8291
vn 0.9576 0.2793 -0.0704
vn 0.4932 -0.8359 -0.2409
vn 0.6844 0.2793 0.6735
vn 0.2201 -0.8359 0.5029
vn -0.5054 -0.5576 0.6585
vn -0.0410 0.5576 0.8291
vn -0.9576 -0.2793 0.0704
vn 0.5054 0.5576 -0.6585
vn -0.4932 0.8359 0.2409
vn -0.6844 -0.2793 -0.6735
vn -0.2201 0.8359 -0.5029
vn -0.7912 0.6040 -0.0958
vn -0.3883 -0.6999 -0.5994
vn -0.7935 -0.6040 0.0748
vn -0.3860 0.5081 -0.7700
vn 0.4040 -0.6999 -0.5889
vn 0.4063 0.5081 -0.7595
vn 0.7912 -0.6040 0.0958
vn 0.3883 0.6999 0.5994
vn 0.3860 -0.5081 0.7700
vn -0.4063 -0.5081 0.7595
vn 0.0453 0.5585 0.8283
vn -0.2213 -0.8345 0.5046
vn 0.5055 -0.5585 0.6577
vn -0.6815 0.2824 0.6751
vn -0.4967 -0.8345 -0.2385
vn -0.9569 0.2824 -0.0679
vn -0.0453 -0.5585 -0.8283
vn -0.5055 0.5585 -0.6577
vn 0.6815 -0.2824 -0.6751
vn 0.2213 0.8345 -0.5046
vn 0.9569 -0.2824 0.0679
vn 0.4967 0.8345 0.2385
vn -0.5817 0.4279 0.6917
vn -0.1235 -0.9170 0.3794
vn 0.2709 -0.4279 0.8623
vn -0.9760 -0.0612 0.2088
vn 0.0320 -0.9170 -0.3977
vn -0.8206 -0.0612 -0.5682
vn 0.5817 -0.4279 -0.6917
vn 0.1235 0.9170 -0.3794
vn 0.9760 0.0612 -0.2088
vn 0.8206 0.0612 0.5682
vn -0.0320 0.9170 0.3977
vn 0.6774 -0.2322 0.6980
vn -0.7559 -0.4024 0.5164
vn 0.3593 -0.8668 0.3459
vn -0.8757 -0.4024 -0.2669
vn 0.2395 -0.8668 -0.4374
vn -0.6774 0.2322 -0.6980
vn 0.4378 -0.2322 -0.8686
vn -0.3593 0.8668 -0.3459
vn 0.7559 0.4024 -0.5164
vn -0.4378 0.2322 0.8686
vn 0.8757 0.4024 0.2669
vn -0.7148 0.0011 0.6993
vn 0.5474 -0.6874 0.4774
vn 0.4932 -0.0011 0.8699
vn -0.5499 -0.6851 -0.4778
vn 0.6581 -0.6874 -0.3072
vn -0.4932 0.0011 -0.8699
vn 0.7148 -0.0011 -0.6993
vn -0.5474 0.6874 -0.4774
vn 0.6607 0.6851 -0.3069
vn -0.6581 0.6874 0.3072
vn 0.5499 0.6851 0.4778
vn -0.4388 -0.2301 0.8686
vn 0.8742 -0.4055 0.2673
vn 0.6781 0.2301 0.6980
vn -0.3624 -0.8656 -0.3455
vn 0.7545 -0.4055 -0.5160
vn -0.6781 -0.2301 -0.6980
vn 0.4388 0.2301 -0.8686
vn -0.8742 0.4054 -0.2673
vn 0.2428 0.8656 -0.4379
vn -0.7545 0.4054 0.5160
vn 0.3624 0.8656 0.3455
vn -0.5828 -0.4263 0.6918
vn 0.8208 -0.0646 0.5676
vn 0.2730 0.4263 0.8624
vn 0.1199 -0.9171 -0.3801
vn 0.9757 -0.0646 -0.2095
vn 0.5828 0.4263 -0.6918
vn -0.2730 -0.4263 -0.8624
vn 0.0350 0.9171 -0.3970
vn -0.8208 0.0646 -0.5676
vn -0.1199 0.9171 0.3801
vn -0.9757 0.0645 0.2095
vn 0.0410 -0.5576 0.8291
vn 0.9576 0.2793 0.0704
vn 0.5054 0.5576 0.6585
vn 0.4932 -0.8359 0.2409
vn 0.6844 0.2793 -0.6735
vn 0.2201 -0.8359 -0.5029
vn -0.0410 0.5576 -0.8291
vn -0.5054 -0.5576 -0.6585
vn -0.4932 0.8359 -0.2409
vn -0.9576 -0.2793 -0.0704
vn -0.6844 -0.2793 0.6735
vn -0.2201 0.8359 0.5029
vn -0.7935 -0.6040 -0.0748
vn -0.3860 0.5081 0.7700
vn -0.7912 0.6040 0.0958
vn -0.3883 -0.6999 0.5994
vn 0.4063 0.5081 0.7595
vn 0.7912 -0.6040 -0.0958
vn 0.7935 0.6040 0.0748
vn 0.3883 0.6999 -0.5994
vn 0.3860 -0.5081 -0.7700
vn 0.4040 -0.6999 0.5889
vn -0.4063 -0.5081 -0.7595
vn -0.4040 0.6999 -0.5889
vn 0.5055 -0.5585 -0.6577
vn -0.6815 0.2824 -0.6751
vn 0.0453 0.5585 -0.8283
vn -0.4967 -0.8345 0.2385
vn -0.9569 0.2824 0.0679
vn -0.5055 0.5585 0.6577
vn -0.0453 -0.5585 0.8283
vn 0.2213 0.8345 0.5046
vn 0.6815 -0.2824 0.6751
vn 0.4967 0.8345 -0.2385
vn 0.9569 -0.2824 -0.0679
vn -0.5817 0.4279 -0.6917
vn -0.1235 -0.9170 -0.3794
vn -0.9760 -0.0612 -0.2088
vn 0.0320 -0.9170 0.3977
vn -0.8206 -0.0612 0.5682
vn -0.2709 0.4279 0.8623
vn 0.5817 -0.4279 0.6917
vn 0.1234 0.9170 0.3794
vn 0.2709 -0.4279 -0.8623
vn 0.9760 0.0612 0.2088
vn -0.0320 0.9170 -0.3977
vn 0.8206 0.0612 -0.5682
vn 0.6774 -0.2322 -0.6980
vn -0.7559 -0.4024 -0.5164
vn -0.4378 0.2322 -0.8686
vn 0.3593 -0.8668 -0.3459
vn -0.8757 -0.4024 0.2669
vn 0.4378 -0.2322 0.8686
vn -0.6774 0.2322 0.6980
vn 0.7559 0.4024 0.5164
vn -0.3593 0.8668 0.3459
vn 0.2395 -0.8668 0.4374
vn -0.2395 0.8668 -0.4374
vn -0.7148 0.0011 -0.6993
vn 0.5474 -0.6874 -0.4774
vn -0.6607 -0.6851 -0.3069
vn -0.5499 -0.6851 0.4778
vn 0.7148 -0.0011 0.6993
vn -0.4932 0.0011 0.8699
vn -0.5474 0.6874 0.4774
vn 0.4932 -0.0011 -0.8699
vn 0.6607 0.6851 0.3069
vn 0.6581 -0.6874 0.3072
vn -0.6581 0.6874 -0.3072
vn 0.5499 0.6851 -0.4778
vn 0.5258 -0.0000 0.8506
vn 0.5127 0.1170 0.8506
vn -0.4723 -0.0000 0.8814
vn -0.4604 -0.1051 0.8814
vn -0.4723 -0.0000 -0.8814
vn -0.4604 -0.1051 -0.8814
vn 0.5258 -0.0000 -0.8506
vn 0.5127 0.1170 -0.8506
vn -0.4255 -0.2049 0.8814
vn -0.4255 -0.2049 -0.8814
vn 0.4738 0.2282 0.8506
vn 0.4111 0.3279 0.8506
vn -0.3692 -0.2945 0.8814
vn -0.3692 -0.2945 -0.8814
vn 0.4738 0.2282 -0.8506
vn 0.4111 0.3279 -0.8506
vn 0.3279 0.4111 0.8506
vn -0.2945 -0.3692 -0.8814
vn 0.2282 0.4738 0.8506
vn -0.2945 -0.3692 0.8814
vn -0.2049 -0.4255 0.8814
vn -0.2049 -0.4255 -0.8814
vn 0.2282 0.4738 -0.8506
vn 0.3279 0.4111 -0.8506
vn 0.1170 0.5127 0.8506
vn -0.1051 -0.4604 -0.8814
vn 0.1170 0.5127 -0.8506
vn -0.0000 0.5258 0.8506
vn -0.1051 -0.4604 0.8814
vn -0.0000 -0.4723 0.8814
vn -0.0000 -0.4723 -0.8814
vn -0.0000 0.5258 -0.8506
vn -0.1170 0.5127 0.8506
vn 0.1051 -0.4604 -0.8814
vn -0.1170 0.5127 -0.8506
vn -0.2282 0.4738 0.8506
vn 0.1051 -0.4604 0.8814
vn -0.2282 0.4738 -0.8506
vn -0.3279 0.4111 0.8506
vn 0.2049 -0.4255 0.8814
vn 0.2049 -0.4255 -0.8814
vn -0.3279 0.4111 -0.8506
vn -0.4111 0.3279 0.8506
vn 0.2945 -0.3692 0.8814
vn 0.3692 -0.2945 0.8814
vn 0.2945 -0.3692 -0.8814
vn 0.3692 -0.2945 -0.8814
vn -0.4111 0.3279 -0.8506
vn -0.4738 0.2282 0.8506
vn -0.4738 0.2282 -0.8506
vn -0.5127 0.1170 0.8506
vn 0.4255 -0.2049 0.8814
vn 0.4604 -0.1051 0.8814
vn 0.4255 -0.2049 -0.8814
vn 0.4604 -0.1051 -0.8814
vn -0.5258 -0.0000 0.8506
vn 0.4723 -0.0000 0.8814
vn 0.4723 -0.0000 -0.8814
vn -0.5127 0.1170 -0.8506
vn -0.5127 -0.1170 0.8506
vn 0.4604 0.1051 0.8814
vn 0.4604 0.1051 -0.8814
vn -0.5258 -0.0000 -0.8506
vn -0.5127 -0.1170 -0.8506
vn -0.4738 -0.2282 0.8506
vn 0.4255 0.2049 0.8814
vn 0.4255 0.2049 -0.8814
vn -0.4738 -0.2282 -0.8506
vn 0.3692 0.2945 0.8814
vn 0.3692 0.2945 -0.8814
vn -0.4111 -0.3279 0.8506
vn -0.3279 -0.4111 0.8506
vn 0.2945 0.3692 0.8814
vn 0.2945 0.3692 -0.8814
vn -0.4111 -0.3279 -0.8506
vn 0.2049 0.4255 0.8814
vn 0.2049 0.4255 -0.8814
vn -0.3279 -0.4111 -0.8506
vn -0.2282 -0.4738 -0.8506
vn -0.2282 -0.4738 0.8506
vn -0.1170 -0.5127 0.8506
vn 0.1051 0.4604 -0.8814
vn -0.1170 -0.5127 -0.8506
vn -0.0000 0.4723 0.8814
vn 0.1051 0.4604 0.8814
vn -0.0000 0.4723 -0.8814
vn -0.0000 -0.5258 -0.8506
vn -0.0000 -0.5258 0.8506
vn 0.1170 -0.5127 0.8506
vn -0.1051 0.4604 0.8814
vn -0.1051 0.4604 -0.8814
vn 0.1170 -0.5127 -0.8506
vn 0.2282 -0.4738 0.8506
vn -0.2049 0.4255 0.8814
vn -0.2049 0.4255 -0.8814
vn 0.2282 -0.4738 -0.8506
vn 0.3279 -0.4111 0.8506
vn -0.2945 0.3692 0.8814
vn -0.2945 0.3692 -0.8814
vn 0.3279 -0.4111 -0.8506
vn 0.4111 -0.3279 0.8506
vn -0.3692 0.2945 -0.8814
vn 0.4111 -0.3279 -0.8506
vn -0.4255 0.2049 0.8814
vn -0.3692 0.2945 0.8814
vn -0.4255 0.2049 -0.8814
vn 0.4738 -0.2282 -0.8506
vn 0.4738 -0.2282 0.8506
vn 0.5127 -0.1170 0.8506
vn -0.4604 0.1051 -0.8814
vn -0.4604 0.1051 0.8814
vn 0.5127 -0.1170 -0.8506
vn -0.1199 0.9171 -0.3801
vn 0.7935 0.6040 -0.0748
vn -0.4040 0.6999 0.5889
vn -0.2709 0.4279 -0.8623
vn -0.2395 0.8668 0.4374
vn -0.6607 -0.6851 0.3069
vn -0.2428 -0.8656 0.4379
vn -0.0350 -0.9171 0.3970
vn -0.2213 -0.8345 -0.5046
vn 0.8757 0.4024 -0.2669
s 1
usemtl Rubber.001
f 11//1 2//2 1//3
f 12//4 3//5 2//2
f 13//6 4//7 3//5
f 14//8 5//9 4//7
f 15//10 6//11 5//9
f 6//11 17//12 7//13
f 7//13 18//14 8//15
f 8//15 19//16 9//17
f 19//16 10//18 9//17
f 20//19 1//3 10//18
f 21//20 12//4 11//1
f 12//4 23//21 13//6
f 23//21 14//8 13//6
f 24//22 15//10 14//8
f 15//10 26//23 16//24
f 26//23 17//12 16//24
f 17//12 28//25 18//14
f 18//14 29//26 19//16
f 29//26 20//19 19//16
f 20//19 21//20 11//1
f 21//20 32//27 22//28
f 22//28 33//29 23//21
f 33//29 24//22 23//21
f 24//22 35//30 25//31
f 35//30 26//23 25//31
f 36//32 27//33 26//23
f 37//34 28//25 27//33
f 38//35 29//26 28//25
f 39//36 30//37 29//26
f 40//38 21//20 30//37
f 41//39 32//27 31//40
f 32//27 43//41 33//29
f 33//29 44//42 34//43
f 34//43 45//44 35//30
f 35//30 46//45 36//32
f 46//45 37//34 36//32
f 47//46 38//35 37//34
f 48//47 39//36 38//35
f 49//48 40//38 39//36
f 40//38 41//39 31//40
f 41//39 52//49 42//50
f 52//49 43//41 42//50
f 43//41 54//51 44//42
f 54//51 45//44 44//42
f 55//52 46//45 45//44
f 56//53 47//46 46//45
f 47//46 58//54 48//47
f 58//54 49//48 48//47
f 59//55 50//56 49//48
f 60//57 41//39 50//56
f 61//58 52//49 51//59
f 62//60 53//61 52//49
f 53//61 64//62 54//51
f 64//62 55//52 54//51
f 65//63 56//53 55//52
f 56//53 67//64 57//65
f 67//64 58//54 57//65
f 58//54 69//66 59//55
f 59//55 70//67 60//57
f 70//67 51//59 60//57
f 61//58 72//68 62//60
f 72//68 63//69 62//60
f 73//70 64//62 63//69
f 64//62 75//71 65//63
f 75//71 66//72 65//63
f 76//73 67//64 66//72
f 77//74 68//75 67//64
f 78//76 69//66 68//75
f 69//66 80//77 70//67
f 80//77 61//58 70//67
f 71//78 82//79 72//68
f 82//79 73//70 72//68
f 83//80 74//81 73//70
f 74//81 85//82 75//71
f 75//71 86//83 76//73
f 86//83 77//74 76//73
f 87//84 78//76 77//74
f 78//76 89//85 79//86
f 79//86 90//87 80//77
f 90//87 71//78 80//77
f 91//88 82//79 81//89
f 92//90 83//80 82//79
f 93//91 84//92 83//80
f 94//93 85//82 84//92
f 95//94 86//83 85//82
f 86//83 97//95 87//84
f 87//84 98//96 88//97
f 98//96 89//85 88//97
f 99//98 90//87 89//85
f 100//99 81//89 90//87
f 101//100 92//90 91//88
f 102//101 93//91 92//90
f 93//91 104//102 94//93
f 94//93 105//103 95//94
f 95//94 106//104 96//105
f 106//104 97//95 96//105
f 107//106 98//96 97//95
f 108//107 99//98 98//96
f 99//98 110//108 100//99
f 110//108 91//88 100//99
f 111//109 102//101 101//100
f 112//110 103//111 102//101
f 113//112 104//102 103//111
f 114//113 105//103 104//102
f 105//103 116//114 106//104
f 116//114 107//106 106//104
f 107//106 118//115 108//107
f 118//115 109//116 108//107
f 119//117 110//108 109//116
f 110//108 111//109 101//100
f 121//118 112//110 111//109
f 122//119 113//112 112//110
f 123//120 114//113 113//112
f 114//113 125//121 115//122
f 115//122 126//123 116//114
f 126//123 117//124 116//114
f 127//125 118//115 117//124
f 128//126 119//117 118//115
f 119//117 130//127 120//128
f 120//128 121//118 111//109
f 131//129 122//119 121//118
f 132//130 123//120 122//119
f 123//120 134//131 124//132
f 124//132 135//133 125//121
f 125//121 136//134 126//123
f 136//134 127//125 126//123
f 137//135 128//126 127//125
f 138//136 129//137 128//126
f 139//138 130//127 129//137
f 130//127 131//129 121//118
f 141//139 132//130 131//129
f 142//140 133//141 132//130
f 143//142 134//131 133//141
f 134//131 145//143 135//133
f 135//133 146//144 136//134
f 146//144 137//135 136//134
f 147//145 138//136 137//135
f 148//146 139//138 138//136
f 149//147 140//148 139//138
f 150//149 131//129 140//148
f 151//150 142//140 141//139
f 142//140 153//151 143//142
f 153//151 144//152 143//142
f 144//152 155//153 145//143
f 155//153 146//144 145//143
f 146//144 157//154 147//145
f 157//154 148//146 147//145
f 158//155 149//147 148//146
f 159//156 150//149 149//147
f 160//157 141//139 150//149
f 151//150 162//158 152//159
f 162//158 153//151 152//159
f 163//160 154//161 153//151
f 164//162 155//153 154//161
f 165//163 156//164 155//153
f 166//165 157//154 156//164
f 167//166 158//155 157//154
f 158//155 169//167 159//156
f 169//167 160//157 159//156
f 170//168 151//150 160//157
f 171//169 162//158 161//170
f 172//171 163//160 162//158
f 173//172 164//162 163//160
f 174//173 165//163 164//162
f 175//174 166//165 165//163
f 166//165 177//175 167//166
f 167//166 178//176 168//177
f 178//176 169//167 168//177
f 169//167 180//178 170//168
f 170//168 171//169 161//170
f 171//169 182//179 172//171
f 172//171 183//180 173//172
f 183//180 174//173 173//172
f 184//181 175//174 174//173
f 185//182 176//183 175//174
f 186//3 177//175 176//183
f 187//184 178//176 177//175
f 188//185 179//186 178//176
f 189//187 180//178 179//186
f 190//188 171//169 180//178
f 191//24 182//179 181//11
f 192//189 183//180 182//179
f 183//180 194//190 184//181
f 184//181 195//191 185//182
f 185//182 196//1 186//3
f 196//1 187//184 186//3
f 197//192 188//185 187//184
f 198//193 189//187 188//185
f 189//187 200//194 190//188
f 200//194 181//11 190//188
f 201//23 192//189 191//24
f 202//195 193//196 192//189
f 203//197 194//190 193//196
f 204//198 195//191 194//190
f 205//199 196//1 195//191
f 206//20 197//192 196//1
f 197//192 208//200 198//193
f 208//200 199//201 198//193
f 209//202 200//194 199//201
f 210//203 191//24 200//194
f 201//23 212//204 202//195
f 212//204 203//197 202//195
f 213//205 204//198 203//197
f 204//198 215//206 205//199
f 215//206 206//20 205//199
f 216//40 207//207 206//20
f 217//208 208//200 207//207
f 218//209 209//202 208//200
f 209//202 220//210 210//203
f 220//210 201//23 210//203
f 221//45 212//204 211//32
f 222//211 213//205 212//204
f 213//205 224//212 214//213
f 214//213 225//214 215//206
f 225//214 216//40 215//206
f 216//40 227//215 217//208
f 227//215 218//209 217//208
f 228//216 219//217 218//209
f 229//218 220//210 219//217
f 230//219 211//32 220//210
f 231//53 222//211 221//45
f 232//220 223//221 222//211
f 233//222 224//212 223//221
f 234//223 225//214 224//212
f 235//224 226//39 225//214
f 236//59 227//215 226//39
f 227//215 238//225 228//216
f 228//216 239//226 229//218
f 239//226 230//219 229//218
f 240//227 221//45 230//219
f 231//53 242//228 232//220
f 242//228 233//222 232//220
f 243//229 234//223 233//222
f 244//230 235//224 234//223
f 245//231 236//59 235//224
f 236//59 247//232 237//233
f 237//233 248//234 238//225
f 238//225 249//235 239//226
f 249//235 240//227 239//226
f 250//236 231//53 240//227
f 241//72 252//237 242//228
f 242//228 253//238 243//229
f 253//238 244//230 243//229
f 254//239 245//231 244//230
f 245//231 256//78 246//58
f 256//78 247//232 246//58
f 247//232 258//240 248//234
f 258//240 249//235 248//234
f 259//241 250//236 249//235
f 260//242 241//72 250//236
f 251//73 262//243 252//237
f 262//243 253//238 252//237
f 263//244 254//239 253//238
f 254//239 265//245 255//246
f 265//245 256//78 255//246
f 266//89 257//247 256//78
f 267//248 258//240 257//247
f 268//249 259//241 258//240
f 269//250 260//242 259//241
f 270//251 251//73 260//242
f 271//105 262//243 261//83
f 262//243 273//252 263//244
f 273//252 264//253 263//244
f 274//254 265//245 264//253
f 275//255 266//89 265//245
f 266//89 277//256 267//248
f 267//248 278//257 268//249
f 268//249 279//258 269//250
f 279//258 270//251 269//250
f 280//259 261//83 270//251
f 271//105 282//260 272//261
f 282//260 273//252 272//261
f 283//262 274//254 273//252
f 284//263 275//255 274//254
f 275//255 286//100 276//88
f 286//100 277//256 276//88
f 287//264 278//257 277//256
f 288//265 279//258 278//257
f 289//266 280//259 279//258
f 290//267 271//105 280//259
f 291//114 282//260 281//104
f 292//268 283//262 282//260
f 283//262 294//269 284//263
f 294//269 285//270 284//263
f 295//271 286//100 285//270
f 286//100 297//272 287//264
f 287//264 298//273 288//265
f 298//273 289//266 288//265
f 299//274 290//267 289//266
f 290//267 291//114 281//104
f 301//123 292//268 291//114
f 292//268 303//275 293//276
f 303//275 294//269 293//276
f 294//269 305//277 295//271
f 295//271 306//118 296//109
f 296//109 307//278 297//272
f 297//272 308//279 298//273
f 308//279 299//274 298//273
f 309//280 300//281 299//274
f 300//281 301//123 291//114
f 301//123 312//282 302//283
f 312//282 303//275 302//283
f 313//284 304//285 303//275
f 304//285 315//286 305//277
f 305//277 316//129 306//118
f 316//129 307//278 306//118
f 317//287 308//279 307//278
f 318//288 309//280 308//279
f 319//289 310//290 309//280
f 310//290 311//134 301//123
f 321//144 312//282 311//134
f 322//291 313//284 312//282
f 323//292 314//293 313//284
f 324//294 315//286 314//293
f 325//295 316//129 315//286
f 326//139 317//287 316//129
f 317//287 328//296 318//288
f 328//296 319//289 318//288
f 329//297 320//298 319//289
f 320//298 321//144 311//134
f 321//144 332//299 322//291
f 332//299 323//292 322//291
f 333//300 324//294 323//292
f 334//301 325//295 324//294
f 335//302 326//139 325//295
f 326//139 337//303 327//304
f 327//304 338//305 328//296
f 328//296 339//306 329//297
f 329//297 340//307 330//308
f 340//307 321//144 330//308
f 331//164 342//309 332//299
f 342//309 333//300 332//299
f 333//300 344//310 334//301
f 344//310 335//302 334//301
f 335//302 346//170 336//150
f 346//170 337//303 336//150
f 337//303 348//311 338//305
f 348//311 339//306 338//305
f 339//306 350//312 340//307
f 350//312 331//164 340//307
f 341//165 352//313 342//309
f 352//313 343//314 342//309
f 353//315 344//310 343//314
f 344//310 355//316 345//317
f 355//316 346//170 345//317
f 346//170 357//318 347//319
f 357//318 348//311 347//319
f 358//320 349//321 348//311
f 359//322 350//312 349//321
f 360//323 341//165 350//312
f 1//3 352//313 351//183
f 2//2 353//315 352//313
f 3//5 354//324 353//315
f 4//7 355//316 354//324
f 5//9 356//169 355//316
f 6//11 357//318 356//169
f 357//318 8//15 358//320
f 358//320 9//17 359//322
f 9//17 360//323 359//322
f 360//323 1//3 351//183
s 0
f 362//11 363//11 361//11
f 364//325 367//325 363//325
f 368//3 365//3 367//3
f 366//326 361//326 365//326
f 367//105 361//105 363//105
f 364//88 366//88 368//88
f 370//327 371//327 369//327
f 372//325 375//325 371//325
f 376//328 373//328 375//328
f 373//326 370//326 369//326
f 375//329 369//329 371//329
f 372//330 374//330 376//330
f 378//331 379//331 377//331
f 379//325 384//325 383//325
f 384//332 381//332 383//332
f 382//326 377//326 381//326
f 383//333 377//333 379//333
f 384//334 378//334 382//334
f 386//335 387//335 385//335
f 387//325 392//325 391//325
f 392//336 389//336 391//336
f 390//326 385//326 389//326
f 391//337 385//337 387//337
f 388//338 390//338 392//338
f 394//339 395//339 393//339
f 396//325 399//325 395//325
f 400//340 397//340 399//340
f 397//326 394//326 393//326
f 399//341 393//341 395//341
f 396//342 398//342 400//342
f 402//343 403//343 401//343
f 404//325 407//325 403//325
f 408//344 405//344 407//344
f 405//326 402//326 401//326
f 407//345 401//345 403//345
f 404//346 406//346 408//346
f 410//347 411//347 409//347
f 411//325 416//325 415//325
f 416//348 413//348 415//348
f 414//326 409//326 413//326
f 415//349 409//349 411//349
f 412//350 414//350 416//350
f 418//3 419//3 417//3
f 420//325 423//325 419//325
f 424//11 421//11 423//11
f 421//326 418//326 417//326
f 423//88 417//88 419//88
f 420//105 422//105 424//105
f 426//328 427//328 425//328
f 428//325 431//325 427//325
f 432//327 429//327 431//327
f 429//326 426//326 425//326
f 431//330 425//330 427//330
f 428//329 430//329 432//329
f 434//332 435//332 433//332
f 435//325 440//325 439//325
f 440//331 437//331 439//331
f 438//326 433//326 437//326
f 439//334 433//334 435//334
f 436//333 438//333 440//333
f 442//336 443//336 441//336
f 443//325 448//325 447//325
f 448//335 445//335 447//335
f 446//326 441//326 445//326
f 447//338 441//338 443//338
f 444//337 446//337 448//337
f 450//340 451//340 449//340
f 452//325 455//325 451//325
f 456//339 453//339 455//339
f 453//326 450//326 449//326
f 455//342 449//342 451//342
f 452//341 454//341 456//341
f 458//344 459//344 457//344
f 460//325 463//325 459//325
f 464//343 461//343 463//343
f 461//326 458//326 457//326
f 459//346 461//346 457//346
f 460//345 462//345 464//345
f 465//348 468//348 467//348
f 467//325 472//325 471//325
f 472//347 469//347 471//347
f 470//326 465//326 469//326
f 471//350 465//350 467//350
f 468//349 470//349 472//349
f 473//342 476//342 475//342
f 476//325 479//325 475//325
f 480//341 477//341 479//341
f 477//326 474//326 473//326
f 479//339 473//339 475//339
f 476//340 478//340 480//340
f 482//346 483//346 481//346
f 484//325 487//325 483//325
f 488//345 485//345 487//345
f 485//326 482//326 481//326
f 487//343 481//343 483//343
f 484//344 486//344 488//344
f 490//350 491//350 489//350
f 491//325 496//325 495//325
f 496//349 493//349 495//349
f 494//326 489//326 493//326
f 495//347 489//347 491//347
f 492//348 494//348 496//348
f 498//105 499//105 497//105
f 500//325 503//325 499//325
f 504//88 501//88 503//88
f 501//326 498//326 497//326
f 503//3 497//3 499//3
f 504//11 498//11 502//11
f 506//329 507//329 505//329
f 508//325 511//325 507//325
f 512//330 509//330 511//330
f 509//326 506//326 505//326
f 511//328 505//328 507//328
f 508//327 510//327 512//327
f 514//333 515//333 513//333
f 515//325 520//325 519//325
f 520//334 517//334 519//334
f 518//326 513//326 517//326
f 519//332 513//332 515//332
f 516//331 518//331 520//331
f 522//337 523//337 521//337
f 523//325 528//325 527//325
f 527//338 526//338 525//338
f 526//326 521//326 525//326
f 527//336 521//336 523//336
f 524//335 526//335 528//335
f 530//341 531//341 529//341
f 532//325 535//325 531//325
f 535//342 534//342 533//342
f 533//326 530//326 529//326
f 535//340 529//340 531//340
f 532//339 534//339 536//339
f 538//345 539//345 537//345
f 540//325 543//325 539//325
f 544//346 541//346 543//346
f 541//326 538//326 537//326
f 543//344 537//344 539//344
f 540//343 542//343 544//343
f 546//349 547//349 545//349
f 547//325 552//325 551//325
f 552//350 549//350 551//350
f 550//326 545//326 549//326
f 551//348 545//348 547//348
f 548//347 550//347 552//347
f 554//88 555//88 553//88
f 556//325 559//325 555//325
f 560//105 557//105 559//105
f 558//326 553//326 557//326
f 559//11 553//11 555//11
f 556//3 558//3 560//3
f 562//330 563//330 561//330
f 564//325 567//325 563//325
f 568//329 565//329 567//329
f 565//326 562//326 561//326
f 567//327 561//327 563//327
f 564//328 566//328 568//328
f 570//334 571//334 569//334
f 571//325 576//325 575//325
f 576//333 573//333 575//333
f 574//326 569//326 573//326
f 575//331 569//331 571//331
f 572//332 574//332 576//332
f 577//338 580//338 579//338
f 579//325 584//325 583//325
f 584//337 581//337 583//337
f 582//326 577//326 581//326
f 583//335 577//335 579//335
f 580//336 582//336 584//336
s 1
f 11//1 12//4 2//2
f 12//4 13//6 3//5
f 13//6 14//8 4//7
f 14//8 15//10 5//9
f 15//10 16//24 6//11
f 6//11 16//24 17//12
f 7//13 17//12 18//14
f 8//15 18//14 19//16
f 19//16 20//19 10//18
f 20//19 11//1 1//3
f 21//20 22//28 12//4
f 12//4 22//28 23//21
f 23//21 24//22 14//8
f 24//22 25//31 15//10
f 15//10 25//31 26//23
f 26//23 27//33 17//12
f 17//12 27//33 28//25
f 18//14 28//25 29//26
f 29//26 30//37 20//19
f 20//19 30//37 21//20
f 21//20 31//40 32//27
f 22//28 32//27 33//29
f 33//29 34//43 24//22
f 24//22 34//43 35//30
f 35//30 36//32 26//23
f 36//32 37//34 27//33
f 37//34 38//35 28//25
f 38//35 39//36 29//26
f 39//36 40//38 30//37
f 40//38 31//40 21//20
f 41//39 42//50 32//27
f 32//27 42//50 43//41
f 33//29 43//41 44//42
f 34//43 44//42 45//44
f 35//30 45//44 46//45
f 46//45 47//46 37//34
f 47//46 48//47 38//35
f 48//47 49//48 39//36
f 49//48 50//56 40//38
f 40//38 50//56 41//39
f 41//39 51//59 52//49
f 52//49 53//61 43//41
f 43//41 53//61 54//51
f 54//51 55//52 45//44
f 55//52 56//53 46//45
f 56//53 57//65 47//46
f 47//46 57//65 58//54
f 58//54 59//55 49//48
f 59//55 60//57 50//56
f 60//57 51//59 41//39
f 61//58 62//60 52//49
f 62//60 63//69 53//61
f 53//61 63//69 64//62
f 64//62 65//63 55//52
f 65//63 66//72 56//53
f 56//53 66//72 67//64
f 67//64 68//75 58//54
f 58//54 68//75 69//66
f 59//55 69//66 70//67
f 70//67 61//58 51//59
f 61//58 71//78 72//68
f 72//68 73//70 63//69
f 73//70 74//81 64//62
f 64//62 74//81 75//71
f 75//71 76//73 66//72
f 76//73 77//74 67//64
f 77//74 78//76 68//75
f 78//76 79//86 69//66
f 69//66 79//86 80//77
f 80//77 71//78 61//58
f 71//78 81//89 82//79
f 82//79 83//80 73//70
f 83//80 84//92 74//81
f 74//81 84//92 85//82
f 75//71 85//82 86//83
f 86//83 87//84 77//74
f 87//84 88//97 78//76
f 78//76 88//97 89//85
f 79//86 89//85 90//87
f 90//87 81//89 71//78
f 91//88 92//90 82//79
f 92//90 93//91 83//80
f 93//91 94//93 84//92
f 94//93 95//94 85//82
f 95//94 96//105 86//83
f 86//83 96//105 97//95
f 87//84 97//95 98//96
f 98//96 99//98 89//85
f 99//98 100//99 90//87
f 100//99 91//88 81//89
f 101//100 102//101 92//90
f 102//101 103//111 93//91
f 93//91 103//111 104//102
f 94//93 104//102 105//103
f 95//94 105//103 106//104
f 106//104 107//106 97//95
f 107//106 108//107 98//96
f 108//107 109//116 99//98
f 99//98 109//116 110//108
f 110//108 101//100 91//88
f 111//109 112//110 102//101
f 112//110 113//112 103//111
f 113//112 114//113 104//102
f 114//113 115//122 105//103
f 105//103 115//122 116//114
f 116//114 117//124 107//106
f 107//106 117//124 118//115
f 118//115 119//117 109//116
f 119//117 120//128 110//108
f 110//108 120//128 111//109
f 121//118 122//119 112//110
f 122//119 123//120 113//112
f 123//120 124//132 114//113
f 114//113 124//132 125//121
f 115//122 125//121 126//123
f 126//123 127//125 117//124
f 127//125 128//126 118//115
f 128//126 129//137 119//117
f 119//117 129//137 130//127
f 120//128 130//127 121//118
f 131//129 132//130 122//119
f 132//130 133//141 123//120
f 123//120 133//141 134//131
f 124//132 134//131 135//133
f 125//121 135//133 136//134
f 136//134 137//135 127//125
f 137//135 138//136 128//126
f 138//136 139//138 129//137
f 139//138 140//148 130//127
f 130//127 140//148 131//129
f 141//139 142//140 132//130
f 142//140 143//142 133//141
f 143//142 144//152 134//131
f 134//131 144//152 145//143
f 135//133 145//143 146//144
f 146//144 147//145 137//135
f 147//145 148//146 138//136
f 148//146 149//147 139//138
f 149//147 150//149 140//148
f 150//149 141//139 131//129
f 151//150 152//159 142//140
f 142//140 152//159 153//151
f 153//151 154//161 144//152
f 144//152 154//161 155//153
f 155//153 156//164 146//144
f 146//144 156//164 157//154
f 157//154 158//155 148//146
f 158//155 159//156 149//147
f 159//156 160//157 150//149
f 160//157 151//150 141//139
f 151//150 161//170 162//158
f 162//158 163//160 153//151
f 163//160 164//162 154//161
f 164//162 165//163 155//153
f 165//163 166//165 156//164
f 166//165 167//166 157//154
f 167//166 168//177 158//155
f 158//155 168//177 169//167
f 169//167 170//168 160//157
f 170//168 161//170 151//150
f 171//169 172//171 162//158
f 172//171 173//172 163//160
f 173//172 174//173 164//162
f 174//173 175//174 165//163
f 175//174 176//183 166//165
f 166//165 176//183 177//175
f 167//166 177//175 178//176
f 178//176 179//186 169//167
f 169//167 179//186 180//178
f 170//168 180//178 171//169
f 171//169 181//11 182//179
f 172//171 182//179 183//180
f 183//180 184//181 174//173
f 184//181 185//182 175//174
f 185//182 186//3 176//183
f 186//3 187//184 177//175
f 187//184 188//185 178//176
f 188//185 189//187 179//186
f 189//187 190//188 180//178
f 190//188 181//11 171//169
f 191//24 192//189 182//179
f 192//189 193//196 183//180
f 183//180 193//196 194//190
f 184//181 194//190 195//191
f 185//182 195//191 196//1
f 196//1 197//192 187//184
f 197//192 198//193 188//185
f 198//193 199//201 189//187
f 189//187 199//201 200//194
f 200//194 191//24 181//11
f 201//23 202//195 192//189
f 202//195 203//197 193//196
f 203//197 204//198 194//190
f 204//198 205//199 195//191
f 205//199 206//20 196//1
f 206//20 207//207 197//192
f 197//192 207//207 208//200
f 208//200 209//202 199//201
f 209//202 210//203 200//194
f 210//203 201//23 191//24
f 201//23 211//32 212//204
f 212//204 213//205 203//197
f 213//205 214//213 204//198
f 204//198 214//213 215//206
f 215//206 216//40 206//20
f 216//40 217//208 207//207
f 217//208 218//209 208//200
f 218//209 219//217 209//202
f 209//202 219//217 220//210
f 220//210 211//32 201//23
f 221//45 222//211 212//204
f 222//211 223//221 213//205
f 213//205 223//221 224//212
f 214//213 224//212 225//214
f 225//214 226//39 216//40
f 216//40 226//39 227//215
f 227//215 228//216 218//209
f 228//216 229//218 219//217
f 229//218 230//219 220//210
f 230//219 221//45 211//32
f 231//53 232//220 222//211
f 232//220 233//222 223//221
f 233//222 234//223 224//212
f 234//223 235//224 225//214
f 235//224 236//59 226//39
f 236//59 237//233 227//215
f 227//215 237//233 238//225
f 228//216 238//225 239//226
f 239//226 240//227 230//219
f 240//227 231//53 221//45
f 231//53 241//72 242//228
f 242//228 243//229 233//222
f 243//229 244//230 234//223
f 244//230 245//231 235//224
f 245//231 246//58 236//59
f 236//59 246//58 247//232
f 237//233 247//232 248//234
f 238//225 248//234 249//235
f 249//235 250//236 240//227
f 250//236 241//72 231//53
f 241//72 251//73 252//237
f 242//228 252//237 253//238
f 253//238 254//239 244//230
f 254//239 255//246 245//231
f 245//231 255//246 256//78
f 256//78 257//247 247//232
f 247//232 257//247 258//240
f 258//240 259//241 249//235
f 259//241 260//242 250//236
f 260//242 251//73 241//72
f 251//73 261//83 262//243
f 262//243 263//244 253//238
f 263//244 264//253 254//239
f 254//239 264//253 265//245
f 265//245 266//89 256//78
f 266//89 267//248 257//247
f 267//248 268//249 258//240
f 268//249 269//250 259//241
f 269//250 270//251 260//242
f 270//251 261//83 251//73
f 271//105 272//261 262//243
f 262//243 272//261 273//252
f 273//252 274//254 264//253
f 274//254 275//255 265//245
f 275//255 276//88 266//89
f 266//89 276//88 277//256
f 267//248 277//256 278//257
f 268//249 278//257 279//258
f 279//258 280//259 270//251
f 280//259 271//105 261//83
f 271//105 281//104 282//260
f 282//260 283//262 273//252
f 283//262 284//263 274//254
f 284//263 285//270 275//255
f 275//255 285//270 286//100
f 286//100 287//264 277//256
f 287//264 288//265 278//257
f 288//265 289//266 279//258
f 289//266 290//267 280//259
f 290//267 281//104 271//105
f 291//114 292//268 282//260
f 292//268 293//276 283//262
f 283//262 293//276 294//269
f 294//269 295//271 285//270
f 295//271 296//109 286//100
f 286//100 296//109 297//272
f 287//264 297//272 298//273
f 298//273 299//274 289//266
f 299//274 300//281 290//267
f 290//267 300//281 291//114
f 301//123 302//283 292//268
f 292//268 302//283 303//275
f 303//275 304//285 294//269
f 294//269 304//285 305//277
f 295//271 305//277 306//118
f 296//109 306//118 307//278
f 297//272 307//278 308//279
f 308//279 309//280 299//274
f 309//280 310//290 300//281
f 300//281 310//290 301//123
f 301//123 311//134 312//282
f 312//282 313//284 303//275
f 313//284 314//293 304//285
f 304//285 314//293 315//286
f 305//277 315//286 316//129
f 316//129 317//287 307//278
f 317//287 318//288 308//279
f 318//288 319//289 309//280
f 319//289 320//298 310//290
f 310//290 320//298 311//134
f 321//144 322//291 312//282
f 322//291 323//292 313//284
f 323//292 324//294 314//293
f 324//294 325//295 315//286
f 325//295 326//139 316//129
f 326//139 327//304 317//287
f 317//287 327//304 328//296
f 328//296 329//297 319//289
f 329//297 330//308 320//298
f 320//298 330//308 321//144
f 321//144 331//164 332//299
f 332//299 333//300 323//292
f 333//300 334//301 324//294
f 334//301 335//302 325//295
f 335//302 336//150 326//139
f 326//139 336//150 337//303
f 327//304 337//303 338//305
f 328//296 338//305 339//306
f 329//297 339//306 340//307
f 340//307 331//164 321//144
f 331//164 341//165 342//309
f 342//309 343//314 333//300
f 333//300 343//314 344//310
f 344//310 345//317 335//302
f 335//302 345//317 346//170
f 346//170 347//319 337//303
f 337//303 347//319 348//311
f 348//311 349//321 339//306
f 339//306 349//321 350//312
f 350//312 341//165 331//164
f 341//165 351//183 352//313
f 352//313 353//315 343//314
f 353//315 354//324 344//310
f 344//310 354//324 355//316
f 355//316 356//169 346//170
f 346//170 356//169 357//318
f 357//318 358//320 348//311
f 358//320 359//322 349//321
f 359//322 360//323 350//312
f 360//323 351//183 341//165
f 1//3 2//2 352//313
f 2//2 3//5 353//315
f 3//5 4//7 354//324
f 4//7 5//9 355//316
f 5//9 6//11 356//169
f 6//11 7//13 357//318
f 357//318 7//13 8//15
f 358//320 8//15 9//17
f 9//17 10//18 360//323
f 360//323 10//18 1//3
s 0
f 362//11 364//11 363//11
f 364//325 368//325 367//325
f 368//3 366//3 365//3
f 366//326 362//326 361//326
f 367//105 365//105 361//105
f 364//88 362//88 366//88
f 370//327 372//327 371//327
f 372//325 376//325 375//325
f 376//328 374//328 373//328
f 373//326 374//326 370//326
f 375//329 373//329 369//329
f 372//330 370//330 374//330
f 378//331 380//331 379//331
f 379//325 380//325 384//325
f 384//332 382//332 381//332
f 382//326 378//326 377//326
f 383//333 381//333 377//333
f 384//334 380//334 378//334
f 386//335 388//335 387//335
f 387//325 388//325 392//325
f 392//336 390//336 389//336
f 390//326 386//326 385//326
f 391//337 389//337 385//337
f 388//338 386//338 390//338
f 394//339 396//339 395//339
f 396//325 400//325 399//325
f 400//340 398//340 397//340
f 397//326 398//326 394//326
f 399//341 397//341 393//341
f 396//342 394//342 398//342
f 402//343 404//343 403//343
f 404//325 408//325 407//325
f 408//344 406//344 405//344
f 405//326 406//326 402//326
f 407//345 405//345 401//345
f 404//346 402//346 406//346
f 410//347 412//347 411//347
f 411//325 412//325 416//325
f 416//348 414//348 413//348
f 414//326 410//326 409//326
f 415//349 413//349 409//349
f 412//350 410//350 414//350
f 418//3 420//3 419//3
f 420//325 424//325 423//325
f 424//11 422//11 421//11
f 421//326 422//326 418//326
f 423//88 421//88 417//88
f 420//105 418//105 422//105
f 426//328 428//328 427//328
f 428//325 432//325 431//325
f 432//327 430//327 429//327
f 429//326 430//326 426//326
f 431//330 429//330 425//330
f 428//329 426//329 430//329
f 434//332 436//332 435//332
f 435//325 436//325 440//325
f 440//331 438//331 437//331
f 438//326 434//326 433//326
f 439//334 437//334 433//334
f 436//333 434//333 438//333
f 442//336 444//336 443//336
f 443//325 444//325 448//325
f 448//335 446//335 445//335
f 446//326 442//326 441//326
f 447//338 445//338 441//338
f 444//337 442//337 446//337
f 450//340 452//340 451//340
f 452//325 456//325 455//325
f 456//339 454//339 453//339
f 453//326 454//326 450//326
f 455//342 453//342 449//342
f 452//341 450//341 454//341
f 458//344 460//344 459//344
f 460//325 464//325 463//325
f 464//343 462//343 461//343
f 461//326 462//326 458//326
f 459//346 463//346 461//346
f 460//345 458//345 462//345
f 465//348 466//348 468//348
f 467//325 468//325 472//325
f 472//347 470//347 469//347
f 470//326 466//326 465//326
f 471//350 469//350 465//350
f 468//349 466//349 470//349
f 473//342 474//342 476//342
f 476//325 480//325 479//325
f 480//341 478//341 477//341
f 477//326 478//326 474//326
f 479//339 477//339 473//339
f 476//340 474//340 478//340
f 482//346 484//346 483//346
f 484//325 488//325 487//325
f 488//345 486//345 485//345
f 485//326 486//326 482//326
f 487//343 485//343 481//343
f 484//344 482//344 486//344
f 490//350 492//350 491//350
f 491//325 492//325 496//325
f 496//349 494//349 493//349
f 494//326 490//326 489//326
f 495//347 493//347 489//347
f 492//348 490//348 494//348
f 498//105 500//105 499//105
f 500//325 504//325 503//325
f 504//88 502//88 501//88
f 501//326 502//326 498//326
f 503//3 501//3 497//3
f 504//11 500//11 498//11
f 506//329 508//329 507//329
f 508//325 512//325 511//325
f 512//330 510//330 509//330
f 509//326 510//326 506//326
f 511//328 509//328 505//328
f 508//327 506//327 510//327
f 514//333 516//333 515//333
f 515//325 516//325 520//325
f 520//334 518//334 517//334
f 518//326 514//326 513//326
f 519//332 517//332 513//332
f 516//331 514//331 518//331
f 522//337 524//337 523//337
f 523//325 524//325 528//325
f 527//338 528//338 526//338
f 526//326 522//326 521//326
f 527//336 525//336 521//336
f 524//335 522//335 526//335
f 530//341 532//341 531//341
f 532//325 536//325 535//325
f 535//342 536//342 534//342
f 533//326 534//326 530//326
f 535//340 533//340 529//340
f 532//339 530//339 534//339
f 538//345 540//345 539//345
f 540//325 544//325 543//325
f 544//346 542//346 541//346
f 541//326 542//326 538//326
f 543//344 541//344 537//344
f 540//343 538//343 542//343
f 546//349 548//349 547//349
f 547//325 548//325 552//325
f 552//350 550//350 549//350
f 550//326 546//326 545//326
f 551//348 549//348 545//348
f 548//347 546//347 550//347
f 554//88 556//88 555//88
f 556//325 560//325 559//325
f 560//105 558//105 557//105
f 558//326 554//326 553//326
f 559//11 557//11 553//11
f 556//3 554//3 558//3
f 562//330 564//330 563//330
f 564//325 568//325 567//325
f 568//329 566//329 565//329
f 565//326 566//326 562//326
f 567//327 565//327 561//327
f 564//328 562//328 566//328
f 570//334 572//334 571//334
f 571//325 572//325 576//325
f 576//333 574//333 573//333
f 574//326 570//326 569//326
f 575//331 573//331 569//331
f 572//332 570//332 574//332
f 577//338 578//338 580//338
f 579//325 580//325 584//325
f 584//337 582//337 581//337
f 582//326 578//326 577//326
f 583//335 581//335 577//335
f 580//336 578//336 582//336
s 1
usemtl Alloy.001
f 585//3 594//351 586//352
f 594//351 587//353 586//352
f 595//354 588//355 587//353
f 596//356 589//11 588//355
f 597//357 590//358 589//11
f 590//358 599//359 591//360
f 591//360 600//361 592//362
f 600//361 585//3 592//362
f 601//363 594//351 593//364
f 594//351 603//365 595//354
f 603//365 596//356 595//354
f 604//366 597//357 596//356
f 605//367 598//368 597//357
f 606//369 599//359 598//368
f 607//370 600//361 599//359
f 608//371 593//364 600//361
f 609//372 602//373 601//363
f 610//374 603//365 602//373
f 611//375 604//366 603//365
f 604//366 613//376 605//367
f 613//376 606//369 605//367
f 614//377 607//370 606//369
f 615//378 608//371 607//370
f 616//379 601//363 608//371
f 617//380 610//374 609//372
f 610//374 619//381 611//375
f 619//381 612//382 611//375
f 620//383 613//376 612//382
f 621//384 614//377 613//376
f 614//377 623//385 615//378
f 623//385 616//379 615//378
f 616//379 617//380 609//372
f 617//380 626//386 618//387
f 626//386 619//381 618//387
f 619//381 628//388 620//383
f 620//383 629//389 621//384
f 629//389 622//390 621//384
f 630//391 623//385 622//390
f 631//392 624//393 623//385
f 632//394 617//380 624//393
f 633//395 626//386 625//396
f 634//397 627//398 626//386
f 627//398 636//399 628//388
f 636//399 629//389 628//388
f 629//389 638//400 630//391
f 638//400 631//392 630//391
f 631//392 640//401 632//394
f 632//394 633//395 625//396
f 641//402 634//397 633//395
f 634//397 643//403 635//404
f 643//403 636//399 635//404
f 644//405 637//406 636//399
f 645//407 638//400 637//406
f 638//400 647//408 639//409
f 647//408 640//401 639//409
f 640//401 641//402 633//395
f 649//88 642//410 641//402
f 650//411 643//403 642//410
f 651//412 644//405 643//403
f 652//413 645//407 644//405
f 645//407 654//414 646//415
f 654//414 647//408 646//415
f 655//416 648//417 647//408
f 648//417 649//88 641//402
f 649//88 658//418 650//411
f 658//418 651//412 650//411
f 659//419 652//413 651//412
f 660//420 653//105 652//413
f 653//105 662//421 654//414
f 662//421 655//416 654//414
f 655//416 664//422 656//423
f 664//422 649//88 656//423
f 665//424 658//418 657//425
f 666//426 659//419 658//418
f 667//427 660//420 659//419
f 660//420 669//428 661//429
f 669//428 662//421 661//429
f 670//430 663//431 662//421
f 671//432 664//422 663//431
f 664//422 665//424 657//425
f 665//424 674//433 666//426
f 674//433 667//427 666//426
f 675//434 668//435 667//427
f 676//436 669//428 668//435
f 677//437 670//430 669//428
f 678//438 671//432 670//430
f 671//432 680//439 672//440
f 680//439 665//424 672//440
f 673//441 682//442 674//433
f 682//442 675//434 674//433
f 675//434 684//443 676//436
f 676//436 685//444 677//437
f 685//444 678//438 677//437
f 686//445 679//446 678//438
f 679//446 688//447 680//439
f 688//447 673//441 680//439
f 681//448 690//449 682//442
f 690//449 683//450 682//442
f 683//450 692//451 684//443
f 692//451 685//444 684//443
f 693//452 686//445 685//444
f 694//453 687//454 686//445
f 695//455 688//447 687//454
f 696//456 681//448 688//447
f 697//457 690//449 689//458
f 698//459 691//460 690//449
f 691//460 700//461 692//451
f 700//461 693//452 692//451
f 701//462 694//453 693//452
f 702//463 695//455 694//453
f 703//464 696//456 695//455
f 696//456 697//457 689//458
f 697//457 706//465 698//459
f 706//465 699//466 698//459
f 699//466 708//467 700//461
f 708//467 701//462 700//461
f 701//462 710//468 702//463
f 710//468 703//464 702//463
f 711//469 704//470 703//464
f 712//471 697//457 704//470
f 713//11 706//465 705//472
f 714//473 707//474 706//465
f 715//475 708//467 707//474
f 716//476 709//477 708//467
f 717//3 710//468 709//477
f 710//468 719//478 711//469
f 719//478 712//471 711//469
f 720//479 705//472 712//471
f 721//357 714//473 713//11
f 714//473 723//480 715//475
f 715//475 724//481 716//476
f 724//481 717//3 716//476
f 725//364 718//482 717//3
f 726//483 719//478 718//482
f 727//484 720//479 719//478
f 728//485 713//11 720//479
f 729//367 722//486 721//357
f 730//487 723//480 722//486
f 731//488 724//481 723//480
f 732//489 725//364 724//481
f 733//363 726//483 725//364
f 726//483 735//490 727//484
f 735//490 728//485 727//484
f 728//485 729//367 721//357
f 737//376 730//487 729//367
f 738//491 731//488 730//487
f 739//492 732//489 731//488
f 732//489 741//372 733//363
f 741//372 734//493 733//363
f 734//493 743//494 735//490
f 743//494 736//495 735//490
f 744//496 729//367 736//495
f 745//384 738//491 737//376
f 746//497 739//492 738//491
f 747//498 740//499 739//492
f 748//500 741//372 740//499
f 749//380 742//501 741//372
f 742//501 751//502 743//494
f 751//502 744//496 743//494
f 744//496 745//384 737//376
f 745//384 754//503 746//497
f 746//497 755//504 747//498
f 755//504 748//500 747//498
f 756//505 749//380 748//500
f 749//380 758//506 750//507
f 758//506 751//502 750//507
f 759//508 752//509 751//502
f 760//510 745//384 752//509
f 761//406 754//503 753//389
f 762//511 755//504 754//503
f 755//504 764//512 756//505
f 764//512 757//396 756//505
f 757//396 766//513 758//506
f 766//513 759//508 758//506
f 767//514 760//510 759//508
f 768//515 753//389 760//510
f 769//407 762//511 761//406
f 770//516 763//517 762//511
f 771//518 764//512 763//517
f 764//512 773//402 765//395
f 773//402 766//513 765//395
f 774//519 767//514 766//513
f 775//520 768//515 767//514
f 768//515 769//407 761//406
f 777//105 770//516 769//407
f 778//521 771//518 770//516
f 779//522 772//523 771//518
f 772//523 781//88 773//402
f 781//88 774//519 773//402
f 774//519 783//524 775//520
f 783//524 776//525 775//520
f 776//525 777//105 769//407
f 785//429 778//521 777//105
f 786//526 779//522 778//521
f 787//527 780//528 779//522
f 788//529 781//88 780//528
f 789//425 782//530 781//88
f 790//531 783//524 782//530
f 783//524 792//532 784//533
f 784//533 785//429 777//105
f 793//428 786//526 785//429
f 794//534 787//527 786//526
f 795//535 788//529 787//527
f 796//536 789//425 788//529
f 797//424 790//531 789//425
f 798//537 791//538 790//531
f 791//538 800//539 792//532
f 800//539 785//429 792//532
f 793//428 802//540 794//534
f 794//534 803//541 795//535
f 803//541 796//536 795//535
f 796//536 805//441 797//424
f 805//441 798//537 797//424
f 798//537 807//542 799//543
f 807//542 800//539 799//543
f 808//544 793//428 800//539
f 801//437 810//545 802//540
f 810//545 803//541 802//540
f 811//546 804//547 803//541
f 804//547 813//448 805//441
f 813//448 806//548 805//441
f 806//548 815//549 807//542
f 815//549 808//544 807//542
f 816//550 801//437 808//544
f 817//452 810//545 809//444
f 818//551 811//546 810//545
f 819//552 812//553 811//546
f 820//554 813//448 812//553
f 821//458 814//555 813//448
f 822//556 815//549 814//555
f 815//549 824//557 816//550
f 816//550 817//452 809//444
f 817//452 826//558 818//551
f 818//551 827//559 819//552
f 827//559 820//554 819//552
f 820//554 829//457 821//458
f 829//457 822//556 821//458
f 830//560 823//561 822//556
f 823//561 832//562 824//557
f 832//562 817//452 824//557
f 825//462 834//563 826//558
f 834//563 827//559 826//558
f 835//564 828//565 827//559
f 828//565 837//472 829//457
f 829//457 838//566 830//560
f 838//566 831//567 830//560
f 831//567 840//568 832//562
f 840//568 825//462 832//562
f 833//477 586//352 834//563
f 586//352 835//564 834//563
f 587//353 836//569 835//564
f 588//355 837//472 836//569
f 589//11 838//566 837//472
f 838//566 591//360 839//570
f 591//360 840//568 839//570
f 592//362 833//477 840//568
f 842//571 843//572 841//573
f 844//574 845//575 843//572
f 846//576 847//577 845//575
f 848//578 849//579 847//577
f 850//580 851//581 849//579
f 852//582 853//583 851//581
f 854//584 855//585 853//583
f 856//586 857//587 855//585
f 858//588 859//589 857//587
f 860//590 861//591 859//589
f 862//592 863//593 861//591
f 864//594 865//595 863//593
f 866//596 867//597 865//595
f 868//598 869//599 867//597
f 862//592 854//584 846//576
f 870//600 871//601 869//599
f 872//602 841//573 871//601
f 855//585 863//593 871//601
f 585//3 593//364 594//351
f 594//351 595//354 587//353
f 595//354 596//356 588//355
f 596//356 597//357 589//11
f 597//357 598//368 590//358
f 590//358 598//368 599//359
f 591//360 599//359 600//361
f 600//361 593//364 585//3
f 601//363 602//373 594//351
f 594//351 602//373 603//365
f 603//365 604//366 596//356
f 604//366 605//367 597//357
f 605//367 606//369 598//368
f 606//369 607//370 599//359
f 607//370 608//371 600//361
f 608//371 601//363 593//364
f 609//372 610//374 602//373
f 610//374 611//375 603//365
f 611//375 612//382 604//366
f 604//366 612//382 613//376
f 613//376 614//377 606//369
f 614//377 615//378 607//370
f 615//378 616//379 608//371
f 616//379 609//372 601//363
f 617//380 618//387 610//374
f 610//374 618//387 619//381
f 619//381 620//383 612//382
f 620//383 621//384 613//376
f 621//384 622//390 614//377
f 614//377 622//390 623//385
f 623//385 624//393 616//379
f 616//379 624//393 617//380
f 617//380 625//396 626//386
f 626//386 627//398 619//381
f 619//381 627//398 628//388
f 620//383 628//388 629//389
f 629//389 630//391 622//390
f 630//391 631//392 623//385
f 631//392 632//394 624//393
f 632//394 625//396 617//380
f 633//395 634//397 626//386
f 634//397 635//404 627//398
f 627//398 635//404 636//399
f 636//399 637//406 629//389
f 629//389 637//406 638//400
f 638//400 639//409 631//392
f 631//392 639//409 640//401
f 632//394 640//401 633//395
f 641//402 642//410 634//397
f 634//397 642//410 643//403
f 643//403 644//405 636//399
f 644//405 645//407 637//406
f 645//407 646//415 638//400
f 638//400 646//415 647//408
f 647//408 648//417 640//401
f 640//401 648//417 641//402
f 649//88 650//411 642//410
f 650//411 651//412 643//403
f 651//412 652//413 644//405
f 652//413 653//105 645//407
f 645//407 653//105 654//414
f 654//414 655//416 647//408
f 655//416 656//423 648//417
f 648//417 656//423 649//88
f 649//88 657//425 658//418
f 658//418 659//419 651//412
f 659//419 660//420 652//413
f 660//420 661//429 653//105
f 653//105 661//429 662//421
f 662//421 663//431 655//416
f 655//416 663//431 664//422
f 664//422 657//425 649//88
f 665//424 666//426 658//418
f 666//426 667//427 659//419
f 667//427 668//435 660//420
f 660//420 668//435 669//428
f 669//428 670//430 662//421
f 670//430 671//432 663//431
f 671//432 672//440 664//422
f 664//422 672//440 665//424
f 665//424 673//441 674//433
f 674//433 675//434 667//427
f 675//434 676//436 668//435
f 676//436 677//437 669//428
f 677//437 678//438 670//430
f 678//438 679//446 671//432
f 671//432 679//446 680//439
f 680//439 673//441 665//424
f 673//441 681//448 682//442
f 682//442 683//450 675//434
f 675//434 683//450 684//443
f 676//436 684//443 685//444
f 685//444 686//445 678//438
f 686//445 687//454 679//446
f 679//446 687//454 688//447
f 688//447 681//448 673//441
f 681//448 689//458 690//449
f 690//449 691//460 683//450
f 683//450 691//460 692//451
f 692//451 693//452 685//444
f 693//452 694//453 686//445
f 694//453 695//455 687//454
f 695//455 696//456 688//447
f 696//456 689//458 681//448
f 697//457 698//459 690//449
f 698//459 699//466 691//460
f 691//460 699//466 700//461
f 700//461 701//462 693//452
f 701//462 702//463 694//453
f 702//463 703//464 695//455
f 703//464 704//470 696//456
f 696//456 704//470 697//457
f 697//457 705//472 706//465
f 706//465 707//474 699//466
f 699//466 707//474 708//467
f 708//467 709//477 701//462
f 701//462 709//477 710//468
f 710//468 711//469 703//464
f 711//469 712//471 704//470
f 712//471 705//472 697//457
f 713//11 714//473 706//465
f 714//473 715//475 707//474
f 715//475 716//476 708//467
f 716//476 717//3 709//477
f 717//3 718//482 710//468
f 710//468 718//482 719//478
f 719//478 720//479 712//471
f 720//479 713//11 705//472
f 721//357 722//486 714//473
f 714//473 722//486 723//480
f 715//475 723//480 724//481
f 724//481 725//364 717//3
f 725//364 726//483 718//482
f 726//483 727//484 719//478
f 727//484 728//485 720//479
f 728//485 721//357 713//11
f 729//367 730//487 722//486
f 730//487 731//488 723//480
f 731//488 732//489 724//481
f 732//489 733//363 725//364
f 733//363 734//493 726//483
f 726//483 734//493 735//490
f 735//490 736//495 728//485
f 728//485 736//495 729//367
f 737//376 738//491 730//487
f 738//491 739//492 731//488
f 739//492 740//499 732//489
f 732//489 740//499 741//372
f 741//372 742//501 734//493
f 734//493 742//501 743//494
f 743//494 744//496 736//495
f 744//496 737//376 729//367
f 745//384 746//497 738//491
f 746//497 747//498 739//492
f 747//498 748//500 740//499
f 748//500 749//380 741//372
f 749//380 750//507 742//501
f 742//501 750//507 751//502
f 751//502 752//509 744//496
f 744//496 752//509 745//384
f 745//384 753//389 754//503
f 746//497 754//503 755//504
f 755//504 756//505 748//500
f 756//505 757//396 749//380
f 749//380 757//396 758//506
f 758//506 759//508 751//502
f 759//508 760//510 752//509
f 760//510 753//389 745//384
f 761//406 762//511 754//503
f 762//511 763//517 755//504
f 755//504 763//517 764//512
f 764//512 765//395 757//396
f 757//396 765//395 766//513
f 766//513 767//514 759//508
f 767//514 768//515 760//510
f 768//515 761//406 753//389
f 769//407 770//516 762//511
f 770//516 771//518 763//517
f 771//518 772//523 764//512
f 764//512 772//523 773//402
f 773//402 774//519 766//513
f 774//519 775//520 767//514
f 775//520 776//525 768//515
f 768//515 776//525 769//407
f 777//105 778//521 770//516
f 778//521 779//522 771//518
f 779//522 780//528 772//523
f 772//523 780//528 781//88
f 781//88 782//530 774//519
f 774//519 782//530 783//524
f 783//524 784//533 776//525
f 776//525 784//533 777//105
f 785//429 786//526 778//521
f 786//526 787//527 779//522
f 787//527 788//529 780//528
f 788//529 789//425 781//88
f 789//425 790//531 782//530
f 790//531 791//538 783//524
f 783//524 791//538 792//532
f 784//533 792//532 785//429
f 793//428 794//534 786//526
f 794//534 795//535 787//527
f 795//535 796//536 788//529
f 796//536 797//424 789//425
f 797//424 798//537 790//531
f 798//537 799//543 791//538
f 791//538 799//543 800//539
f 800//539 793//428 785//429
f 793//428 801//437 802//540
f 794//534 802//540 803//541
f 803//541 804//547 796//536
f 796//536 804//547 805//441
f 805//441 806//548 798//537
f 798//537 806//548 807//542
f 807//542 808//544 800//539
f 808//544 801//437 793//428
f 801//437 809//444 810//545
f 810//545 811//546 803//541
f 811//546 812//553 804//547
f 804//547 812//553 813//448
f 813//448 814//555 806//548
f 806//548 814//555 815//549
f 815//549 816//550 808//544
f 816//550 809//444 801//437
f 817//452 818//551 810//545
f 818//551 819//552 811//546
f 819//552 820//554 812//553
f 820//554 821//458 813//448
f 821//458 822//556 814//555
f 822//556 823//561 815//549
f 815//549 823//561 824//557
f 816//550 824//557 817//452
f 817//452 825//462 826//558
f 818//551 826//558 827//559
f 827//559 828//565 820//554
f 820//554 828//565 829//457
f 829//457 830//560 822//556
f 830//560 831//567 823//561
f 823//561 831//567 832//562
f 832//562 825//462 817//452
f 825//462 833//477 834//563
f 834//563 835//564 827//559
f 835//564 836//569 828//565
f 828//565 836//569 837//472
f 829//457 837//472 838//566
f 838//566 839//570 831//567
f 831//567 839//570 840//568
f 840//568 833//477 825//462
f 833//477 585//3 586//352
f 586//352 587//353 835//564
f 587//353 588//355 836//569
f 588//355 589//11 837//472
f 589//11 590//358 838//566
f 838//566 590//358 591//360
f 591//360 592//362 840//568
f 592//362 585//3 833//477
f 842//571 844//574 843//572
f 844//574 846//576 845//575
f 846//576 848//578 847//577
f 848//578 850//580 849//579
f 850//580 852//582 851//581
f 852//582 854//584 853//583
f 854//584 856//586 855//585
f 856//586 858//588 857//587
f 858//588 860//590 859//589
f 860//590 862//592 861//591
f 862//592 864//594 863//593
f 864//594 866//596 865//595
f 866//596 868//598 867//597
f 868//598 870//600 869//599
f 846//576 844//574 842//571
f 842//571 872//602 870//600
f 870//600 868//598 866//596
f 866//596 864//594 862//592
f 862//592 860//590 858//588
f 858//588 856//586 854//584
f 854//584 852//582 850//580
f 850//580 848//578 846//576
f 846//576 842//571 870//600
f 870//600 866//596 862//592
f 862//592 858//588 854//584
f 854//584 850//580 846//576
f 846//576 870//600 862//592
f 870//600 872//602 871//601
f 872//602 842//571 841//573
f 871//601 841//573 843//572
f 843//572 845//575 847//577
f 847//577 849//579 851//581
f 851//581 853//583 855//585
f 855//585 857//587 859//589
f 859//589 861//591 863//593
f 863//593 865//595 867//597
f 867//597 869//599 871//601
f 871//601 843//572 847//577
f 847//577 851//581 855//585
f 855//585 859//589 863//593
f 863//593 867//597 871//601
f 871//601 847//577 855//585
usemtl Chrome.001
f 874//603 875//604 873//605
f 876//606 877//607 875//604
f 878//608 879//609 877//607
f 880//610 881//611 879//609
f 874//603 882//612 878//608
f 881//611 884//613 883//614
f 883//614 874//603 873//605
f 875//604 879//609 883//614
f 886//615 887//616 885//617
f 888//618 889//619 887//616
f 889//619 892//620 891//621
f 892//620 893//622 891//621
f 886//615 894//623 890//624
f 894//623 895//625 893//622
f 895//625 886//615 885//617
f 887//616 891//621 895//625
f 897//626 900//627 899//628
f 899//628 902//629 901//630
f 902//629 903//631 901//630
f 904//632 905//633 903//631
f 898//634 906//635 902//629
f 906//635 907//636 905//633
f 908//637 897//626 907//636
f 899//628 903//631 907//636
f 910//638 911//639 909//640
f 912//641 913//642 911//639
f 914//643 915//644 913//642
f 915//644 918//645 917//646
f 910//638 918//645 914//643
f 918//645 919//647 917//646
f 919//647 910//638 909//640
f 911//639 915//644 919//647
f 922//648 923//649 921//650
f 924//651 925//652 923//649
f 926//653 927//654 925//652
f 928//655 929//656 927//654
f 922//648 930//657 926//653
f 930//657 931//658 929//656
f 932//659 921//650 931//658
f 923//649 927//654 931//658
f 934//660 935//661 933//662
f 936//663 937//664 935//661
f 938//665 939//666 937//664
f 939//666 942//667 941//668
f 934//660 942//667 938//665
f 942//667 943//669 941//668
f 944//670 933//662 943//669
f 935//661 939//666 943//669
f 945//671 948//672 947//673
f 947//673 950//674 949//675
f 949//675 952//676 951//677
f 951//677 954//678 953//679
f 946//680 954//678 950//674
f 954//678 955//681 953//679
f 955//681 946//680 945//671
f 947//673 951//677 955//681
f 958//682 959//683 957//684
f 959//683 962//685 961//686
f 961//686 964//687 963//688
f 963//688 966//689 965//690
f 958//682 966//689 962//685
f 965//690 968//691 967//692
f 968//691 957//684 967//692
f 959//683 963//688 967//692
f 970//693 971//694 969//695
f 971//694 974//696 973//697
f 973//697 976//698 975//699
f 975//699 978//700 977//701
f 970//693 978//700 974//696
f 977//701 980//702 979//703
f 980//702 969//695 979//703
f 971//694 975//699 979//703
f 982//704 983//705 981//706
f 983//705 986//707 985//708
f 986//707 987//709 985//708
f 988//710 989//711 987//709
f 982//704 990//712 986//707
f 990//712 991//713 989//711
f 992//714 981//706 991//713
f 983//705 987//709 991//713
f 994//715 995//716 993//717
f 996//718 997//719 995//716
f 998//720 999//721 997//719
f 1000//722 1001//723 999//721
f 994//715 1002//724 998//720
f 1001//723 1004//725 1003//726
f 1003//726 994//715 993//717
f 995//716 999//721 1003//726
f 1006//727 1007//728 1005//729
f 1008//730 1009//731 1007//728
f 1009//731 1012//732 1011//733
f 1012//732 1013//734 1011//733
f 1006//727 1014//735 1010//736
f 1013//734 1016//737 1015//738
f 1016//737 1005//729 1015//738
f 1007//728 1011//733 1015//738
f 1018//739 1019//740 1017//741
f 1019//740 1022//742 1021//743
f 1022//742 1023//744 1021//743
f 1024//745 1025//746 1023//744
f 1018//739 1026//747 1022//742
f 1026//747 1027//748 1025//746
f 1028//749 1017//741 1027//748
f 1019//740 1023//744 1027//748
f 1029//750 1032//751 1031//752
f 1031//752 1034//753 1033//754
f 1034//753 1035//755 1033//754
f 1036//756 1037//757 1035//755
f 1030//758 1038//759 1034//753
f 1038//759 1039//760 1037//757
f 1040//761 1029//750 1039//760
f 1031//752 1035//755 1039//760
f 1042//762 1043//763 1041//764
f 1044//765 1045//766 1043//763
f 1045//766 1048//767 1047//768
f 1047//768 1050//769 1049//770
f 1042//762 1050//769 1046//771
f 1050//769 1051//772 1049//770
f 1051//772 1042//762 1041//764
f 1043//763 1047//768 1051//772
f 1053//773 1056//774 1055//775
f 1056//774 1057//776 1055//775
f 1057//776 1060//777 1059//778
f 1060//777 1061//779 1059//778
f 1054//780 1062//781 1058//782
f 1062//781 1063//783 1061//779
f 1064//784 1053//773 1063//783
f 1055//775 1059//778 1063//783
f 874//603 876//606 875//604
f 876//606 878//608 877//607
f 878//608 880//610 879//609
f 880//610 882//612 881//611
f 878//608 876//606 874//603
f 874//603 884//613 882//612
f 882//612 880//610 878//608
f 881//611 882//612 884//613
f 883//614 884//613 874//603
f 883//614 873//605 875//604
f 875//604 877//607 879//609
f 879//609 881//611 883//614
f 886//615 888//618 887//616
f 888//618 890//624 889//619
f 889//619 890//624 892//620
f 892//620 894//623 893//622
f 890//624 888//618 886//615
f 886//615 896//897 894//623
f 894//623 892//620 890//624
f 894//623 896//897 895//625
f 895//625 896//897 886//615
f 895//625 885//617 887//616
f 887//616 889//619 891//621
f 891//621 893//622 895//625
f 897//626 898//634 900//627
f 899//628 900//627 902//629
f 902//629 904//632 903//631
f 904//632 906//635 905//633
f 902//629 900//627 898//634
f 898//634 908//637 906//635
f 906//635 904//632 902//629
f 906//635 908//637 907//636
f 908//637 898//634 897//626
f 907//636 897//626 899//628
f 899//628 901//630 903//631
f 903//631 905//633 907//636
f 910//638 912//641 911//639
f 912//641 914//643 913//642
f 914//643 916//898 915//644
f 915//644 916//898 918//645
f 914//643 912//641 910//638
f 910//638 920//899 918//645
f 918//645 916//898 914//643
f 918//645 920//899 919//647
f 919//647 920//899 910//638
f 919//647 909//640 911//639
f 911//639 913//642 915//644
f 915//644 917//646 919//647
f 922//648 924//651 923//649
f 924//651 926//653 925//652
f 926//653 928//655 927//654
f 928//655 930//657 929//656
f 926//653 924//651 922//648
f 922//648 932//659 930//657
f 930//657 928//655 926//653
f 930//657 932//659 931//658
f 932//659 922//648 921//650
f 931//658 921//650 923//649
f 923//649 925//652 927//654
f 927//654 929//656 931//658
f 934//660 936//663 935//661
f 936//663 938//665 937//664
f 938//665 940//900 939//666
f 939//666 940//900 942//667
f 938//665 936//663 934//660
f 934//660 944//670 942//667
f 942//667 940//900 938//665
f 942//667 944//670 943//669
f 944//670 934//660 933//662
f 943//669 933//662 935//661
f 935//661 937//664 939//666
f 939//666 941//668 943//669
f 945//671 946//680 948//672
f 947//673 948//672 950//674
f 949//675 950//674 952//676
f 951//677 952//676 954//678
f 950//674 948//672 946//680
f 946//680 956//901 954//678
f 954//678 952//676 950//674
f 954//678 956//901 955//681
f 955//681 956//901 946//680
f 955//681 945//671 947//673
f 947//673 949//675 951//677
f 951//677 953//679 955//681
f 958//682 960//902 959//683
f 959//683 960//902 962//685
f 961//686 962//685 964//687
f 963//688 964//687 966//689
f 962//685 960//902 958//682
f 958//682 968//691 966//689
f 966//689 964//687 962//685
f 965//690 966//689 968//691
f 968//691 958//682 957//684
f 967//692 957//684 959//683
f 959//683 961//686 963//688
f 963//688 965//690 967//692
f 970//693 972//903 971//694
f 971//694 972//903 974//696
f 973//697 974//696 976//698
f 975//699 976//698 978//700
f 974//696 972//903 970//693
f 970//693 980//702 978//700
f 978//700 976//698 974//696
f 977//701 978//700 980//702
f 980//702 970//693 969//695
f 979//703 969//695 971//694
f 971//694 973//697 975//699
f 975//699 977//701 979//703
f 982//704 984//904 983//705
f 983//705 984//904 986//707
f 986//707 988//710 987//709
f 988//710 990//712 989//711
f 986//707 984//904 982//704
f 982//704 992//714 990//712
f 990//712 988//710 986//707
f 990//712 992//714 991//713
f 992//714 982//704 981//706
f 991//713 981//706 983//705
f 983//705 985//708 987//709
f 987//709 989//711 991//713
f 994//715 996//718 995//716
f 996//718 998//720 997//719
f 998//720 1000//722 999//721
f 1000//722 1002//724 1001//723
f 998//720 996//718 994//715
f 994//715 1004//725 1002//724
f 1002//724 1000//722 998//720
f 1001//723 1002//724 1004//725
f 1003//726 1004//725 994//715
f 1003//726 993//717 995//716
f 995//716 997//719 999//721
f 999//721 1001//723 1003//726
f 1006//727 1008//730 1007//728
f 1008//730 1010//736 1009//731
f 1009//731 1010//736 1012//732
f 1012//732 1014//735 1013//734
f 1010//736 1008//730 1006//727
f 1006//727 1016//737 1014//735
f 1014//735 1012//732 1010//736
f 1013//734 1014//735 1016//737
f 1016//737 1006//727 1005//729
f 1015//738 1005//729 1007//728
f 1007//728 1009//731 1011//733
f 1011//733 1013//734 1015//738
f 1018//739 1020//905 1019//740
f 1019//740 1020//905 1022//742
f 1022//742 1024//745 1023//744
f 1024//745 1026//747 1025//746
f 1022//742 1020//905 1018//739
f 1018//739 1028//749 1026//747
f 1026//747 1024//745 1022//742
f 1026//747 1028//749 1027//748
f 1028//749 1018//739 1017//741
f 1027//748 1017//741 1019//740
f 1019//740 1021//743 1023//744
f 1023//744 1025//746 1027//748
f 1029//750 1030//758 1032//751
f 1031//752 1032//751 1034//753
f 1034//753 1036//756 1035//755
f 1036//756 1038//759 1037//757
f 1034//753 1032//751 1030//758
f 1030//758 1040//761 1038//759
f 1038//759 1036//756 1034//753
f 1038//759 1040//761 1039//760
f 1040//761 1030//758 1029//750
f 1039//760 1029//750 1031//752
f 1031//752 1033//754 1035//755
f 1035//755 1037//757 1039//760
f 1042//762 1044//765 1043//763
f 1044//765 1046//771 1045//766
f 1045//766 1046//771 1048//767
f 1047//768 1048//767 1050//769
f 1046//771 1044//765 1042//762
f 1042//762 1052//906 1050//769
f 1050//769 1048//767 1046//771
f 1050//769 1052//906 1051//772
f 1051//772 1052//906 1042//762
f 1051//772 1041//764 1043//763
f 1043//763 1045//766 1047//768
f 1047//768 1049//770 1051//772
f 1053//773 1054//780 1056//774
f 1056//774 1058//782 1057//776
f 1057//776 1058//782 1060//777
f 1060//777 1062//781 1061//779
f 1058//782 1056//774 1054//780
f 1054//780 1064//784 1062//781
f 1062//781 1060//777 1058//782
f 1062//781 1064//784 1063//783
f 1064//784 1054//780 1053//773
f 1063//783 1053//773 1055//775
f 1055//775 1057//776 1059//778
f 1059//778 1061//779 1063//783
usemtl Metal.001
f 1071//341 1066//785 1065//3
f 1072//786 1067//787 1066//785
f 1073//788 1068//11 1067//787
f 1074//342 1069//789 1068//11
f 1075//790 1070//791 1069//789
f 1076//792 1065//3 1070//791
f 1077//328 1072//786 1071//341
f 1072//786 1079//793 1073//788
f 1079//793 1074//342 1073//788
f 1080//327 1075//790 1074//342
f 1081//794 1076//792 1075//790
f 1076//792 1077//328 1071//341
f 1083//345 1078//795 1077//328
f 1084//796 1079//793 1078//795
f 1085//797 1080//327 1079//793
f 1086//346 1081//794 1080//327
f 1087//798 1082//799 1081//794
f 1088//800 1077//328 1082//799
f 1089//332 1084//796 1083//345
f 1090//801 1085//797 1084//796
f 1085//797 1092//331 1086//346
f 1086//346 1093//802 1087//798
f 1093//802 1088//800 1087//798
f 1088//800 1089//332 1083//345
f 1095//349 1090//801 1089//332
f 1096//803 1091//804 1090//801
f 1097//805 1092//331 1091//804
f 1092//331 1099//806 1093//802
f 1093//802 1100//807 1094//808
f 1094//808 1095//349 1089//332
f 1095//349 1102//809 1096//803
f 1102//809 1097//805 1096//803
f 1097//805 1104//335 1098//350
f 1098//350 1105//810 1099//806
f 1105//810 1100//807 1099//806
f 1106//811 1095//349 1100//807
f 1107//88 1102//809 1101//336
f 1108//812 1103//813 1102//809
f 1109//814 1104//335 1103//813
f 1110//105 1105//810 1104//335
f 1111//815 1106//811 1105//810
f 1112//816 1101//336 1106//811
f 1113//340 1108//812 1107//88
f 1114//817 1109//814 1108//812
f 1109//814 1116//339 1110//105
f 1116//339 1111//815 1110//105
f 1117//818 1112//816 1111//815
f 1118//819 1107//88 1112//816
f 1119//330 1114//817 1113//340
f 1120//820 1115//821 1114//817
f 1115//821 1122//329 1116//339
f 1122//329 1117//818 1116//339
f 1117//818 1124//822 1118//819
f 1124//822 1113//340 1118//819
f 1125//344 1120//820 1119//330
f 1126//823 1121//824 1120//820
f 1121//824 1128//343 1122//329
f 1128//343 1123//825 1122//329
f 1123//825 1130//826 1124//822
f 1124//822 1125//344 1119//330
f 1131//334 1126//823 1125//344
f 1132//827 1127//828 1126//823
f 1133//829 1128//343 1127//828
f 1134//333 1129//830 1128//343
f 1135//831 1130//826 1129//830
f 1136//832 1125//344 1130//826
f 1137//348 1132//827 1131//334
f 1138//833 1133//829 1132//827
f 1133//829 1140//347 1134//333
f 1140//347 1135//831 1134//333
f 1135//831 1142//834 1136//832
f 1136//832 1137//348 1131//334
f 1143//338 1138//833 1137//348
f 1144//835 1139//836 1138//833
f 1145//837 1140//347 1139//836
f 1146//337 1141//838 1140//347
f 1147//839 1142//834 1141//838
f 1142//834 1143//338 1137//348
f 1149//11 1144//835 1143//338
f 1150//840 1145//837 1144//835
f 1151//841 1146//337 1145//837
f 1152//3 1147//839 1146//337
f 1153//842 1148//843 1147//839
f 1148//843 1149//11 1143//338
f 1149//11 1156//844 1150//840
f 1156//844 1151//841 1150//840
f 1157//845 1152//3 1151//841
f 1158//341 1153//842 1152//3
f 1159//846 1154//847 1153//842
f 1160//848 1149//11 1154//847
f 1161//327 1156//844 1155//342
f 1162//849 1157//845 1156//844
f 1163//850 1158//341 1157//845
f 1164//328 1159//846 1158//341
f 1165//851 1160//848 1159//846
f 1166//852 1155//342 1160//848
f 1167//346 1162//849 1161//327
f 1162//849 1169//853 1163//850
f 1169//853 1164//328 1163//850
f 1170//345 1165//851 1164//328
f 1171//854 1166//852 1165//851
f 1166//852 1167//346 1161//327
f 1173//331 1168//855 1167//346
f 1174//856 1169//853 1168//855
f 1175//857 1170//345 1169//853
f 1176//332 1171//854 1170//345
f 1177//858 1172//859 1171//854
f 1172//859 1173//331 1167//346
f 1179//350 1174//856 1173//331
f 1174//856 1181//860 1175//857
f 1181//860 1176//332 1175//857
f 1182//349 1177//858 1176//332
f 1183//861 1178//862 1177//858
f 1184//863 1173//331 1178//862
f 1185//335 1180//864 1179//350
f 1186//865 1181//860 1180//864
f 1181//860 1188//336 1182//349
f 1188//336 1183//861 1182//349
f 1189//866 1184//863 1183//861
f 1190//867 1179//350 1184//863
f 1191//105 1186//865 1185//335
f 1186//865 1193//868 1187//869
f 1193//868 1188//336 1187//869
f 1194//88 1189//866 1188//336
f 1195//870 1190//867 1189//866
f 1196//871 1185//335 1190//867
f 1197//339 1192//872 1191//105
f 1198//873 1193//868 1192//872
f 1199//874 1194//88 1193//868
f 1200//340 1195//870 1194//88
f 1201//875 1196//871 1195//870
f 1202//876 1191//105 1196//871
f 1203//329 1198//873 1197//339
f 1204//877 1199//874 1198//873
f 1205//878 1200//340 1199//874
f 1206//330 1201//875 1200//340
f 1207//879 1202//876 1201//875
f 1208//880 1197//339 1202//876
f 1209//343 1204//877 1203//329
f 1210//881 1205//878 1204//877
f 1211//882 1206//330 1205//878
f 1206//330 1213//883 1207//879
f 1213//883 1208//880 1207//879
f 1214//884 1203//329 1208//880
f 1209//343 1216//885 1210//881
f 1216//885 1211//882 1210//881
f 1211//882 1218//334 1212//344
f 1218//334 1213//883 1212//344
f 1219//886 1214//884 1213//883
f 1220//887 1209//343 1214//884
f 1221//347 1216//885 1215//333
f 1216//885 1223//888 1217//889
f 1223//888 1218//334 1217//889
f 1224//348 1219//886 1218//334
f 1225//890 1220//887 1219//886
f 1226//891 1215//333 1220//887
f 1227//337 1222//892 1221//347
f 1228//893 1223//888 1222//892
f 1223//888 1230//338 1224//348
f 1230//338 1225//890 1224//348
f 1231//894 1226//891 1225//890
f 1226//891 1227//337 1221//347
f 1065//3 1228//893 1227//337
f 1066//785 1229//895 1228//893
f 1067//787 1230//338 1229//895
f 1068//11 1231//894 1230//338
f 1231//894 1070//791 1232//896
f 1070//791 1227//337 1232//896
f 1071//341 1072//786 1066//785
f 1072//786 1073//788 1067//787
f 1073//788 1074//342 1068//11
f 1074//342 1075//790 1069//789
f 1075//790 1076//792 1070//791
f 1076//792 1071//341 1065//3
f 1077//328 1078//795 1072//786
f 1072//786 1078//795 1079//793
f 1079//793 1080//327 1074//342
f 1080//327 1081//794 1075//790
f 1081//794 1082//799 1076//792
f 1076//792 1082//799 1077//328
f 1083//345 1084//796 1078//795
f 1084//796 1085//797 1079//793
f 1085//797 1086//346 1080//327
f 1086//346 1087//798 1081//794
f 1087//798 1088//800 1082//799
f 1088//800 1083//345 1077//328
f 1089//332 1090//801 1084//796
f 1090//801 1091//804 1085//797
f 1085//797 1091//804 1092//331
f 1086//346 1092//331 1093//802
f 1093//802 1094//808 1088//800
f 1088//800 1094//808 1089//332
f 1095//349 1096//803 1090//801
f 1096//803 1097//805 1091//804
f 1097//805 1098//350 1092//331
f 1092//331 1098//350 1099//806
f 1093//802 1099//806 1100//807
f 1094//808 1100//807 1095//349
f 1095//349 1101//336 1102//809
f 1102//809 1103//813 1097//805
f 1097//805 1103//813 1104//335
f 1098//350 1104//335 1105//810
f 1105//810 1106//811 1100//807
f 1106//811 1101//336 1095//349
f 1107//88 1108//812 1102//809
f 1108//812 1109//814 1103//813
f 1109//814 1110//105 1104//335
f 1110//105 1111//815 1105//810
f 1111//815 1112//816 1106//811
f 1112//816 1107//88 1101//336
f 1113//340 1114//817 1108//812
f 1114//817 1115//821 1109//814
f 1109//814 1115//821 1116//339
f 1116//339 1117//818 1111//815
f 1117//818 1118//819 1112//816
f 1118//819 1113//340 1107//88
f 1119//330 1120//820 1114//817
f 1120//820 1121//824 1115//821
f 1115//821 1121//824 1122//329
f 1122//329 1123//825 1117//818
f 1117//818 1123//825 1124//822
f 1124//822 1119//330 1113//340
f 1125//344 1126//823 1120//820
f 1126//823 1127//828 1121//824
f 1121//824 1127//828 1128//343
f 1128//343 1129//830 1123//825
f 1123//825 1129//830 1130//826
f 1124//822 1130//826 1125//344
f 1131//334 1132//827 1126//823
f 1132//827 1133//829 1127//828
f 1133//829 1134//333 1128//343
f 1134//333 1135//831 1129//830
f 1135//831 1136//832 1130//826
f 1136//832 1131//334 1125//344
f 1137//348 1138//833 1132//827
f 1138//833 1139//836 1133//829
f 1133//829 1139//836 1140//347
f 1140//347 1141//838 1135//831
f 1135//831 1141//838 1142//834
f 1136//832 1142//834 1137//348
f 1143//338 1144//835 1138//833
f 1144//835 1145//837 1139//836
f 1145//837 1146//337 1140//347
f 1146//337 1147//839 1141//838
f 1147//839 1148//843 1142//834
f 1142//834 1148//843 1143//338
f 1149//11 1150//840 1144//835
f 1150//840 1151//841 1145//837
f 1151//841 1152//3 1146//337
f 1152//3 1153//842 1147//839
f 1153//842 1154//847 1148//843
f 1148//843 1154//847 1149//11
f 1149//11 1155//342 1156//844
f 1156//844 1157//845 1151//841
f 1157//845 1158//341 1152//3
f 1158//341 1159//846 1153//842
f 1159//846 1160//848 1154//847
f 1160//848 1155//342 1149//11
f 1161//327 1162//849 1156//844
f 1162//849 1163//850 1157//845
f 1163//850 1164//328 1158//341
f 1164//328 1165//851 1159//846
f 1165//851 1166//852 1160//848
f 1166//852 1161//327 1155//342
f 1167//346 1168//855 1162//849
f 1162//849 1168//855 1169//853
f 1169//853 1170//345 1164//328
f 1170//345 1171//854 1165//851
f 1171//854 1172//859 1166//852
f 1166//852 1172//859 1167//346
f 1173//331 1174//856 1168//855
f 1174//856 1175//857 1169//853
f 1175//857 1176//332 1170//345
f 1176//332 1177//858 1171//854
f 1177//858 1178//862 1172//859
f 1172//859 1178//862 1173//331
f 1179//350 1180//864 1174//856
f 1174//856 1180//864 1181//860
f 1181//860 1182//349 1176//332
f 1182//349 1183//861 1177//858
f 1183//861 1184//863 1178//862
f 1184//863 1179//350 1173//331
f 1185//335 1186//865 1180//864
f 1186//865 1187//869 1181//860
f 1181//860 1187//869 1188//336
f 1188//336 1189//866 1183//861
f 1189//866 1190//867 1184//863
f 1190//867 1185//335 1179//350
f 1191//105 1192//872 1186//865
f 1186//865 1192//872 1193//868
f 1193//868 1194//88 1188//336
f 1194//88 1195//870 1189//866
f 1195//870 1196//871 1190//867
f 1196//871 1191//105 1185//335
f 1197//339 1198//873 1192//872
f 1198//873 1199//874 1193//868
f 1199//874 1200//340 1194//88
f 1200//340 1201//875 1195//870
f 1201//875 1202//876 1196//871
f 1202//876 1197//339 1191//105
f 1203//329 1204//877 1198//873
f 1204//877 1205//878 1199//874
f 1205//878 1206//330 1200//340
f 1206//330 1207//879 1201//875
f 1207//879 1208//880 1202//876
f 1208//880 1203//329 1197//339
f 1209//343 1210//881 1204//877
f 1210//881 1211//882 1205//878
f 1211//882 1212//344 1206//330
f 1206//330 1212//344 1213//883
f 1213//883 1214//884 1208//880
f 1214//884 1209//343 1203//329
f 1209//343 1215//333 1216//885
f 1216//885 1217//889 1211//882
f 1211//882 1217//889 1218//334
f 1218//334 1219//886 1213//883
f 1219//886 1220//887 1214//884
f 1220//887 1215//333 1209//343
f 1221//347 1222//892 1216//885
f 1216//885 1222//892 1223//888
f 1223//888 1224//348 1218//334
f 1224//348 1225//890 1219//886
f 1225//890 1226//891 1220//887
f 1226//891 1221//347 1215//333
f 1227//337 1228//893 1222//892
f 1228//893 1229//895 1223//888
f 1223//888 1229//895 1230//338
f 1230//338 1231//894 1225//890
f 1231//894 1232//896 1226//891
f 1226//891 1232//896 1227//337
f 1065//3 1066//785 1228//893
f 1066//785 1067//787 1229//895
f 1067//787 1068//11 1230//338
f 1068//11 1069//789 1231//894
f 1231//894 1069//789 1070//791
f 1070//791 1065//3 1227//337
